{"Micro-F1": 0.7122612446087492, "Macro-F1": 0.6440020401052984, "Precision": 0.6807184916230824, "Recall": 0.6918328162767, "sk_micro": 0.7014563106796117, "sk_macro": 0.6313745491228415}