{"Micro-F1": 0.7032967032967034, "Macro-F1": 0.630827483928303, "Precision": 0.6825837221562077, "Recall": 0.6778408374492909, "sk_micro": 0.6990291262135923, "sk_macro": 0.6184583175767675}