{"Micro-F1": 0.6342364532019704, "Macro-F1": 0.565379082973309, "Precision": 0.5954648343070081, "Recall": 0.5921167889907343, "sk_micro": 0.625, "sk_macro": 0.5542932186012831}