{"Micro-F1": 0.6845310596833131, "Macro-F1": 0.5982946722528544, "Precision": 0.6487982099358314, "Recall": 0.6379549425738835, "sk_micro": 0.6845310596833131, "sk_macro": 0.5982946722528544}