{"Micro-F1": 0.751219512195122, "Macro-F1": 0.6827327594037534, "Precision": 0.7395473156723551, "Recall": 0.7136498334744392, "sk_micro": 0.7475728155339806, "sk_macro": 0.6693458425526991}