{"Micro-F1": 0.7, "Macro-F1": 0.6280391330620894, "Precision": 0.6687239120378308, "Recall": 0.6796316654960932, "sk_micro": 0.6966019417475728, "sk_macro": 0.6157246402569503}