{"Micro-F1": 0.6967663209273948, "Macro-F1": 0.624925579280432, "Precision": 0.6711921941942353, "Recall": 0.6619587332925876, "sk_micro": 0.8189178963299281, "sk_macro": 0.6988936302242684}