{"Micro-F1": 0.6963414634146341, "Macro-F1": 0.6249489963238838, "Precision": 0.63195319468879, "Recall": 0.6780954336120355, "sk_micro": 0.6929611650485437, "sk_macro": 0.6126950944351801}