{"Micro-F1": 0.6959706959706959, "Macro-F1": 0.6212280444020888, "Precision": 0.6263125554990185, "Recall": 0.6723811478977495, "sk_micro": 0.691747572815534, "sk_macro": 0.6090471023549889}