{"Micro-F1": 0.684596577017115, "Macro-F1": 0.6159398792623703, "Precision": 0.6331788650351906, "Recall": 0.6594313965896018, "sk_micro": 0.6796116504854369, "sk_macro": 0.6038626267278139}