{"Micro-F1": 0.7181372549019608, "Macro-F1": 0.640584474618828, "Precision": 0.6896550999850884, "Recall": 0.6726416135889967, "sk_micro": 0.7181372549019608, "sk_macro": 0.6405844746188278}