{"Micro-F1": 0.7293830177153329, "Macro-F1": 0.6606456048667474, "Precision": 0.703256855526739, "Recall": 0.6904820972103249, "sk_micro": 0.7245145631067961, "sk_macro": 0.6476917694772034}