{"Micro-F1": 0.7102342786683107, "Macro-F1": 0.6415952585077872, "Precision": 0.6857338653626291, "Recall": 0.675878399034207, "sk_micro": 0.7102342786683107, "sk_macro": 0.6415952585077872}