{"Micro-F1": 0.7094386181369525, "Macro-F1": 0.6400056258426398, "Precision": 0.6839195685483324, "Recall": 0.6751887438617934, "sk_micro": 0.7094386181369525, "sk_macro": 0.6400056258426398}