{"Micro-F1": 0.7094124279143443, "Macro-F1": 0.6407192002240157, "Precision": 0.6845627112349533, "Recall": 0.675849250928834, "sk_micro": 0.7094124279143443, "sk_macro": 0.6407192002240157}