{"Micro-F1": 0.7085643869377696, "Macro-F1": 0.6405567163216199, "Precision": 0.6840346997938983, "Recall": 0.6764806098905015, "sk_micro": 0.7085643869377696, "sk_macro": 0.6405567163216199}