{"Micro-F1": 0.6524822695035462, "Macro-F1": 0.5208448404670354, "Precision": 0.5352281181987525, "Recall": 0.567952351457019, "sk_micro": 0.6524822695035462, "sk_macro": 0.5208448404670355, "hamming_loss": 0.018602885345482156, "hamming_score": 0.6175074450985608, "exact_match_ratio": 0.44419134396355353, "hf1": 0.7802607076350093}