{"Micro-F1": 0.6527061855670103, "Macro-F1": 0.5195410373880122, "Precision": 0.5374449395171104, "Recall": 0.5583767038039409, "sk_micro": 0.6527061855670103, "sk_macro": 0.5195410373880122, "hamming_loss": 0.018602885345482156, "hamming_score": 0.6144322742557363, "exact_match_ratio": 0.43621867881548976, "hf1": 0.7776744186046513}