{"Micro-F1": 0.6538463988425604, "Macro-F1": 0.5199154059166163, "Precision": 0.5348511664098795, "Recall": 0.5619558459811372, "sk_micro": 0.6538463988425604, "sk_macro": 0.5199154059166163, "hamming_loss": 0.018533857941602814, "hamming_score": 0.617001244136779, "exact_match_ratio": 0.4400151860288535, "hf1": 0.7799924872221681}