{"Micro-F1": 0.6563507414571245, "Macro-F1": 0.5193603398948012, "Precision": 0.5318804415137759, "Recall": 0.5595384826824519, "sk_micro": 0.6563507414571245, "sk_macro": 0.5193603398948013, "hamming_loss": 0.018395803133844136, "hamming_score": 0.61906401305604, "exact_match_ratio": 0.4396355353075171, "hf1": 0.7820423354268435}