{"Micro-F1": 0.8065007958198841, "Macro-F1": 0.7486969516869744, "Precision": 0.7672716785753811, "Recall": 0.788996295775051, "sk_micro": 0.8065007958198841, "sk_macro": 0.7486969516869744}