{"Micro-F1": 0.6014306151645208, "Macro-F1": 0.3661384804597959, "Precision": 0.3730304092933389, "Recall": 0.4735714719630773, "sk_micro": 0.6014306151645208, "sk_macro": 0.3661384804597959, "hamming_loss": 0.02403879340098019, "hamming_score": 0.5040518106292592, "exact_match_ratio": 0.1867881548974943, "hf1": 0.643211334120425}