{"Micro-F1": 0.585146804835924, "Macro-F1": 0.46977653289958493, "Precision": 0.5428689836587377, "Recall": 0.4829898473025471, "sk_micro": 0.585146804835924, "sk_macro": 0.469776532899585, "hamming_loss": 0.020725478014771863, "hamming_score": 0.554565792976954, "exact_match_ratio": 0.36332574031890663, "hf1": 0.7196078431372549}