{"Micro-F1": 0.6221487603305785, "Macro-F1": 0.3652604088276406, "Precision": 0.4155532908883739, "Recall": 0.4167655142591183, "sk_micro": 0.6215323645970938, "sk_macro": 0.35980876093469066}