{"Micro-F1": 0.6550190597204575, "Macro-F1": 0.4441704882547433, "Precision": 0.494608764338592, "Recall": 0.5241189624498881, "sk_micro": 0.6590839225330464, "sk_macro": 0.4492732442047076, "hamming_loss": 0.019137847725547042, "hamming_score": 0.5992489161054079, "exact_match_ratio": 0.33826879271070615, "hf1": 0.6971456216739236}