{"Micro-F1": 0.6045845272206304, "Macro-F1": 0.36321777562007695, "Precision": 0.36497777870945214, "Recall": 0.4832831456287785, "sk_micro": 0.6045845272206304, "sk_macro": 0.3632177756200769, "hamming_loss": 0.023814454338372332, "hamming_score": 0.5071401295490131, "exact_match_ratio": 0.1867881548974943, "hf1": 0.6433632498819084}