{"Micro-F1": 0.6157232704402515, "Macro-F1": 0.3749789433946583, "Precision": 0.4465154611295841, "Recall": 0.43352142074456645, "sk_micro": 0.6157232704402515, "sk_macro": 0.37497894339465826, "hamming_loss": 0.0210878718851384, "hamming_score": 0.5408639196794089, "exact_match_ratio": 0.2824601366742597, "hf1": 0.6446738856711156}