{"Micro-F1": 0.5943482224247949, "Macro-F1": 0.3706231283504334, "Precision": 0.4070647560535123, "Recall": 0.45271469574710693, "sk_micro": 0.5938069216757741, "sk_macro": 0.3650914398675911}