{"Micro-F1": 0.56, "Macro-F1": 0.43280468466108574, "Precision": 0.5344921023874726, "Recall": 0.4421387059325715, "sk_micro": 0.56, "sk_macro": 0.4328046846610858, "hamming_loss": 0.02126044039483675, "hamming_score": 0.5373432091826161, "exact_match_ratio": 0.3439635535307517, "hf1": 0.7295041728031418}