{"Micro-F1": 0.6142248443133399, "Macro-F1": 0.35759752740450834, "Precision": 0.4184920299216213, "Recall": 0.41822399359706364, "sk_micro": 0.6142248443133399, "sk_macro": 0.35759752740450834, "hamming_loss": 0.020311313591495826, "hamming_score": 0.5531538949534387, "exact_match_ratio": 0.30637813211845105, "hf1": 0.6598799269120335}