{"Micro-F1": 0.6163742690058479, "Macro-F1": 0.3885081150876391, "Precision": 0.4089935363598699, "Recall": 0.4830542089799281, "sk_micro": 0.6163742690058479, "sk_macro": 0.38850811508763916, "hamming_loss": 0.022640988472423552, "hamming_score": 0.5219520292413224, "exact_match_ratio": 0.2061503416856492, "hf1": 0.6477867682056164}