{"Micro-F1": 0.6051092643890428, "Macro-F1": 0.35304701267727884, "Precision": 0.384696407435354, "Recall": 0.4320836473278068, "sk_micro": 0.6051092643890428, "sk_macro": 0.3530470126772789, "hamming_loss": 0.022140539794298336, "hamming_score": 0.5173718144674858, "exact_match_ratio": 0.224373576309795, "hf1": 0.6441532258064516}