{"Micro-F1": 0.5329930732774335, "Macro-F1": 0.313849463080582, "Precision": 0.39741857689832916, "Recall": 0.35076894399230896, "sk_micro": 0.5320232896652111, "sk_macro": 0.3091651427360957}