{"Micro-F1": 0.6045836959675079, "Macro-F1": 0.3562005182732356, "Precision": 0.36434040116746563, "Recall": 0.4646249593737831, "sk_micro": 0.6054992764109985, "sk_macro": 0.3659550558751564, "hamming_loss": 0.02352108787188514, "hamming_score": 0.509681488468504, "exact_match_ratio": 0.19248291571753987, "hf1": 0.6479141835518474}