{"Micro-F1": 0.6036169581974503, "Macro-F1": 0.36737800935460574, "Precision": 0.38907652194976095, "Recall": 0.46731491655378804, "sk_micro": 0.6036169581974503, "sk_macro": 0.36737800935460563, "hamming_loss": 0.023072409746669426, "hamming_score": 0.5085602324782273, "exact_match_ratio": 0.20273348519362186, "hf1": 0.6295594504973946}