{"Micro-F1": 0.8622167789344765, "Macro-F1": 0.8288087159365989, "Precision": 0.8471581438920363, "Recall": 0.8534888064366839, "sk_micro": 0.8622167789344765, "sk_macro": 0.828808715936599}