{"Micro-F1": 0.8650199720631262, "Macro-F1": 0.8408680568153543, "Precision": 0.8575755970914681, "Recall": 0.8657040999193688, "sk_micro": 0.8650199720631262, "sk_macro": 0.8408680568153545}