{"Micro-F1": 0.8651960784313726, "Macro-F1": 0.8454383162893623, "Precision": 0.8614012122087975, "Recall": 0.8707385927614704, "sk_micro": 0.8651960784313726, "sk_macro": 0.8454383162893626}