{"Micro-F1": 0.8676470588235294, "Macro-F1": 0.8483571382201016, "Precision": 0.8641674351735709, "Recall": 0.8728849005599519, "sk_micro": 0.8676470588235294, "sk_macro": 0.8483571382201017}