{"Micro-F1": 0.85384293589851, "Macro-F1": 0.8286659036466365, "Precision": 0.8461933185958349, "Recall": 0.8513973012006893, "sk_micro": 0.8531515740640571, "sk_macro": 0.8268859583304815}