{"Micro-F1": 0.644918444165621, "Macro-F1": 0.5231212497004843, "Precision": 0.5204936817035772, "Recall": 0.588802546660725, "sk_micro": 0.644918444165621, "sk_macro": 0.5231212497004846, "hamming_loss": 0.019534755297853246, "hamming_score": 0.6095790030015532, "exact_match_ratio": 0.4145785876993166, "hf1": 0.7652133364420611}