{"Micro-F1": 0.6452291823066212, "Macro-F1": 0.5227580105356789, "Precision": 0.5226116741336578, "Recall": 0.5839988894929407, "sk_micro": 0.6452291823066212, "sk_macro": 0.522758010535679, "hamming_loss": 0.019419709624721015, "hamming_score": 0.609476193046807, "exact_match_ratio": 0.4138192862566439, "hf1": 0.7678317244573677}