{"Micro-F1": 0.6458530432040366, "Macro-F1": 0.5229598020916046, "Precision": 0.5214700677874692, "Recall": 0.583052012551042, "sk_micro": 0.6458530432040366, "sk_macro": 0.5229598020916046, "hamming_loss": 0.019379443639124732, "hamming_score": 0.6102824535626348, "exact_match_ratio": 0.41116173120728927, "hf1": 0.7685834502103787}