{"Micro-F1": 0.6449160595502059, "Macro-F1": 0.5221929798149478, "Precision": 0.5258712729099271, "Recall": 0.580142109267055, "sk_micro": 0.6449160595502059, "sk_macro": 0.5221929798149479, "hamming_loss": 0.019344929937185062, "hamming_score": 0.6085671225762331, "exact_match_ratio": 0.4157175398633257, "hf1": 0.7696983867196633}