{"Micro-F1": 0.33167034248613825, "Macro-F1": 0.23560783175686373, "Precision": 0.24878139113283435, "Recall": 0.3614710730297321, "sk_micro": 0.34524063023305424, "sk_macro": 0.2410904820393628, "hamming_loss": 0.046489956512735554, "hamming_score": 0.25571032785136316, "exact_match_ratio": 0.06567957479119212, "hf1": 0.3906116571492551}