{"Micro-F1": 0.33294864396999424, "Macro-F1": 0.2144361029046539, "Precision": 0.25551671673639104, "Recall": 0.27622753049329957, "sk_micro": 0.33294864396999424, "sk_macro": 0.21443610290465384, "hamming_loss": 0.039897839442258574, "hamming_score": 0.2349476742792099, "exact_match_ratio": 0.08314350797266515, "hf1": 0.37762537505357907}