{"Micro-F1": 0.4361925245020506, "Macro-F1": 0.40269295584380876, "Precision": 0.4684374192539948, "Recall": 0.42476237655842014, "sk_micro": 0.43983006721520496, "sk_macro": 0.4043489382734642}