{"Micro-F1": 0.43499142367066895, "Macro-F1": 0.40337445180898884, "Precision": 0.4664705003483946, "Recall": 0.42934398460939677, "sk_micro": 0.4390581717451524, "sk_macro": 0.40524206579351085, "hamming_loss": 0.02795609857113274, "hamming_score": 0.40201128598053393, "exact_match_ratio": 0.2528473804100228, "hf1": 0.6189573459715639}