{"Micro-F1": 0.3228421554601812, "Macro-F1": 0.21904007241762308, "Precision": 0.2277736952832018, "Recall": 0.34883028358399915, "sk_micro": 0.3390085127691537, "sk_macro": 0.2302030099371436, "hamming_loss": 0.04555808656036447, "hamming_score": 0.25440671318233077, "exact_match_ratio": 0.0683371298405467, "hf1": 0.38552380952380955}