{"Micro-F1": 0.43439226519337015, "Macro-F1": 0.40154581946182216, "Precision": 0.4696624833957986, "Recall": 0.42195138194733495, "sk_micro": 0.4393992315752707, "sk_macro": 0.4041655666121896, "hamming_loss": 0.027697245806585214, "hamming_score": 0.4015398863348742, "exact_match_ratio": 0.2517084282460137, "hf1": 0.627460279819777}