{"Micro-F1": 0.3315889523495675, "Macro-F1": 0.20465217326930163, "Precision": 0.23860983942763625, "Recall": 0.27731411771915954, "sk_micro": 0.3315889523495675, "sk_macro": 0.2046521732693016, "hamming_loss": 0.04032926071650445, "hamming_score": 0.23514196450766867, "exact_match_ratio": 0.08086560364464693, "hf1": 0.3763100947578937}