{"Micro-F1": 0.2977165627295191, "Macro-F1": 0.2564285200964662, "Precision": 0.2889263334601116, "Recall": 0.36705419062578654, "sk_micro": 0.3186778193355284, "sk_macro": 0.26836917416738354, "hamming_loss": 0.0435102735786107, "hamming_score": 0.23107278081277005, "exact_match_ratio": 0.06605922551252848, "hf1": 0.3857623541767041}