{"Micro-F1": 0.3968293287094377, "Macro-F1": 0.2855152657677429, "Precision": 0.2815195866026573, "Recall": 0.4455256505110853, "sk_micro": 0.3968293287094377, "sk_macro": 0.28551526576774283, "hamming_loss": 0.04202043211154829, "hamming_score": 0.31085096131721957, "exact_match_ratio": 0.08428246013667426, "hf1": 0.4378581308041889}