{"Micro-F1": 0.25356478611283323, "Macro-F1": 0.2427612675114259, "Precision": 0.36480110324917103, "Recall": 0.29756921018425714, "sk_micro": 0.29530685920577615, "sk_macro": 0.25495709808677197, "hamming_loss": 0.03368537309311797, "hamming_score": 0.25092928142472576, "exact_match_ratio": 0.13439635535307518, "hf1": 0.4160074453234062}