{"Micro-F1": 0.29857697283311774, "Macro-F1": 0.2571266226250056, "Precision": 0.3027809497685774, "Recall": 0.34772740332231244, "sk_micro": 0.3189607517965727, "sk_macro": 0.2665586081792112, "hamming_loss": 0.0425208807896735, "hamming_score": 0.22751370470768637, "exact_match_ratio": 0.06492027334851937, "hf1": 0.38694638694638694}