{"Micro-F1": 0.35329491355549986, "Macro-F1": 0.2885136686251079, "Precision": 0.3133656295414252, "Recall": 0.43621248093696513, "sk_micro": 0.36585365853658536, "sk_macro": 0.29534892133843865, "hamming_loss": 0.0421757437702768, "hamming_score": 0.28734671160329756, "exact_match_ratio": 0.09681093394077449, "hf1": 0.40771456123432986}