{"Micro-F1": 0.42712294043092525, "Macro-F1": 0.36472627638660876, "Precision": 0.42038391889848936, "Recall": 0.41477916872458437, "sk_micro": 0.4468014584023865, "sk_macro": 0.36773553053026287, "hamming_loss": 0.028801684268654655, "hamming_score": 0.39542249701702964, "exact_match_ratio": 0.21867881548974943, "hf1": 0.5787810383747178}