{"Micro-F1": 0.353087326545481, "Macro-F1": 0.29610966130868005, "Precision": 0.32879478391153594, "Recall": 0.43736682300938545, "sk_micro": 0.36536907990121636, "sk_macro": 0.30209874063228376}