{"Micro-F1": 0.33482458205792326, "Macro-F1": 0.22155234894185138, "Precision": 0.22569477658664058, "Recall": 0.36027742978797, "sk_micro": 0.3346650998824912, "sk_macro": 0.2219833739578839, "hamming_loss": 0.04885414509560296, "hamming_score": 0.25625396077160284, "exact_match_ratio": 0.06719817767653759, "hf1": 0.38084755090809025}