{"Micro-F1": 0.34236738475793377, "Macro-F1": 0.21417517471659886, "Precision": 0.21834558905819448, "Recall": 0.3574565288060286, "sk_micro": 0.34236738475793377, "sk_macro": 0.21417517471659897, "hamming_loss": 0.048992199903361636, "hamming_score": 0.24723000305723317, "exact_match_ratio": 0.04328018223234624, "hf1": 0.37834800524442774}