{"Micro-F1": 0.42288242730720604, "Macro-F1": 0.356203435629204, "Precision": 0.4095375387862271, "Recall": 0.41285331266397696, "sk_micro": 0.44451827242524916, "sk_macro": 0.36363746911429884, "hamming_loss": 0.02885345482156416, "hamming_score": 0.39733726789535406, "exact_match_ratio": 0.22209567198177677, "hf1": 0.5776467921106325}