{"Micro-F1": 0.31459170013386883, "Macro-F1": 0.2157574820585841, "Precision": 0.21669702143932268, "Recall": 0.3630466959015747, "sk_micro": 0.33420241763451053, "sk_macro": 0.2263185758820461, "hamming_loss": 0.04847449437426658, "hamming_score": 0.2519297221768931, "exact_match_ratio": 0.0683371298405467, "hf1": 0.37874861162532397}