{"Micro-F1": 0.33009153318077805, "Macro-F1": 0.19964957274412812, "Precision": 0.230910832960386, "Recall": 0.2771503014024073, "sk_micro": 0.33009153318077805, "sk_macro": 0.19964957274412812, "hamming_loss": 0.04041554497135363, "hamming_score": 0.23391801550467634, "exact_match_ratio": 0.07972665148063782, "hf1": 0.3758016246259085}