{"Micro-F1": 0.14390934844192635, "Macro-F1": 0.15745624449607387, "Precision": 0.2171564853081769, "Recall": 0.22062818219936145, "sk_micro": 0.16776750330250992, "sk_macro": 0.1617490410139626, "hamming_loss": 0.043487264443984264, "hamming_score": 0.13078849997118264, "exact_match_ratio": 0.05011389521640091, "hf1": 0.2614840989399293}