{"Micro-F1": 0.25280718639717675, "Macro-F1": 0.2508176825735865, "Precision": 0.3793929635013902, "Recall": 0.2946894750019091, "sk_micro": 0.289068231841526, "sk_macro": 0.25987992928751813, "hamming_loss": 0.03344377717954028, "hamming_score": 0.2463544902326225, "exact_match_ratio": 0.13439635535307518, "hf1": 0.4196659609503647}