{"Micro-F1": 0.4003048006096012, "Macro-F1": 0.3030044853598726, "Precision": 0.30866450533172773, "Recall": 0.4377552211913326, "sk_micro": 0.4003048006096012, "sk_macro": 0.30300448535987257, "hamming_loss": 0.04074342513978049, "hamming_score": 0.30708185449073805, "exact_match_ratio": 0.08314350797266515, "hf1": 0.4418090452261306}