{"Micro-F1": 0.3395872420262664, "Macro-F1": 0.2047051160154313, "Precision": 0.2151242986402946, "Recall": 0.3304117130779755, "sk_micro": 0.3395872420262664, "sk_macro": 0.20470511601543137, "hamming_loss": 0.04859529233105543, "hamming_score": 0.24361970548338208, "exact_match_ratio": 0.04441913439635535, "hf1": 0.3770647427378014}