{"Micro-F1": 0.29992539169360855, "Macro-F1": 0.2561275937008374, "Precision": 0.277711627564875, "Recall": 0.37675895242864327, "sk_micro": 0.321000798509449, "sk_macro": 0.27005273493251075, "hamming_loss": 0.044022226824049146, "hamming_score": 0.23481379357098697, "exact_match_ratio": 0.06605922551252848, "hf1": 0.39010680157391797}