{"Micro-F1": 0.3536799799045466, "Macro-F1": 0.3019278876272901, "Precision": 0.3376454455093724, "Recall": 0.4414008483136465, "sk_micro": 0.3661898569570871, "sk_macro": 0.30773290880640986, "hamming_loss": 0.042054945813487954, "hamming_score": 0.2912753596694371, "exact_match_ratio": 0.10364464692482915, "hf1": 0.4131274131274131}