{"Micro-F1": 0.35228708617639626, "Macro-F1": 0.2978874276736421, "Precision": 0.3353732766838101, "Recall": 0.43448713977754483, "sk_micro": 0.3640637242099765, "sk_macro": 0.30321439175200293, "hamming_loss": 0.04202043211154829, "hamming_score": 0.2844674908740968, "exact_match_ratio": 0.09681093394077449, "hf1": 0.4088785046728972}