{"Micro-F1": 0.29464732366183094, "Macro-F1": 0.2560313439635557, "Precision": 0.28628642304688234, "Recall": 0.376676216126404, "sk_micro": 0.3160719077005635, "sk_macro": 0.26849617939042864, "hamming_loss": 0.04398771312210948, "hamming_score": 0.23089084415963682, "exact_match_ratio": 0.06719817767653759, "hf1": 0.38023387400980757}