{"Micro-F1": 0.4275730622617535, "Macro-F1": 0.3566045865577501, "Precision": 0.41699396875205635, "Recall": 0.40737530931812405, "sk_micro": 0.4458429943689964, "sk_macro": 0.3630364990571781, "hamming_loss": 0.028870711672533998, "hamming_score": 0.39285623892685373, "exact_match_ratio": 0.21298405466970388, "hf1": 0.5777576853526221}