{"Micro-F1": 0.3986018012338814, "Macro-F1": 0.29935065134857075, "Precision": 0.30405452051438364, "Recall": 0.43868049155333394, "sk_micro": 0.3986018012338814, "sk_macro": 0.2993506513485707, "hamming_loss": 0.04108856215917719, "hamming_score": 0.30884274241035986, "exact_match_ratio": 0.08618071374335612, "hf1": 0.4376745561481068}