{"Micro-F1": 0.43919388464211256, "Macro-F1": 0.4031585962606152, "Precision": 0.4691792740177912, "Recall": 0.42299176311852876, "sk_micro": 0.44103279832519193, "sk_macro": 0.40363918241469204, "hamming_loss": 0.027645475253675708, "hamming_score": 0.40411066407649476, "exact_match_ratio": 0.2539863325740319, "hf1": 0.6304090801607946}