{"Micro-F1": 0.4258594766666282, "Macro-F1": 0.359178099524521, "Precision": 0.41563847547892435, "Recall": 0.41166926356889516, "sk_micro": 0.44572090839887735, "sk_macro": 0.36480316623391323, "hamming_loss": 0.02884195025425094, "hamming_score": 0.3952053346130791, "exact_match_ratio": 0.21791951404707668, "hf1": 0.5780618386126575}