{"Micro-F1": 0.33627474362031956, "Macro-F1": 0.23338008875791177, "Precision": 0.24650834961919701, "Recall": 0.3686651599844268, "sk_micro": 0.3492692593510032, "sk_macro": 0.24196205368644974, "hamming_loss": 0.04533374749775661, "hamming_score": 0.25693923576120914, "exact_match_ratio": 0.06378132118451026, "hf1": 0.39141889348889725}