{"Micro-F1": 0.33585579981330776, "Macro-F1": 0.20476080684836065, "Precision": 0.20803527584042705, "Recall": 0.3464870852872839, "sk_micro": 0.33585579981330776, "sk_macro": 0.20476080684836073, "hamming_loss": 0.049780262764317434, "hamming_score": 0.24338987093549513, "exact_match_ratio": 0.04214123006833712, "hf1": 0.3731827183728504}