{"Micro-F1": 0.4039917412250516, "Macro-F1": 0.35430660777797945, "Precision": 0.43188699168431743, "Recall": 0.3964414682588137, "sk_micro": 0.4235209235209235, "sk_macro": 0.36658408819280036, "hamming_loss": 0.02757644784979637, "hamming_score": 0.40222009387726854, "exact_match_ratio": 0.25626423690205014, "hf1": 0.6478209658421673}