{"Micro-F1": 0.31811021134309664, "Macro-F1": 0.21658204771286846, "Precision": 0.21931134114951714, "Recall": 0.35879037900556404, "sk_micro": 0.33851349195273656, "sk_macro": 0.2282232911253864}