{"Micro-F1": 0.33172667989793025, "Macro-F1": 0.19987084415912285, "Precision": 0.2294019685861317, "Recall": 0.2785645212617718, "sk_micro": 0.33172667989793025, "sk_macro": 0.19987084415912285, "hamming_loss": 0.040674397735901154, "hamming_score": 0.23656020373911973, "exact_match_ratio": 0.07972665148063782, "hf1": 0.37550328459419363}