{"Micro-F1": 0.32561277265572297, "Macro-F1": 0.1954021298130518, "Precision": 0.1906359398227921, "Recall": 0.3515930139778476, "sk_micro": 0.32561277265572297, "sk_macro": 0.19540212981305183, "hamming_loss": 0.051753296058535236, "hamming_score": 0.23931990426587013, "exact_match_ratio": 0.0387243735763098, "hf1": 0.36413540713632203}