{"Micro-F1": 0.31689677843524, "Macro-F1": 0.21494858866239822, "Precision": 0.21346330672602695, "Recall": 0.36449415753111836, "sk_micro": 0.34232954545454547, "sk_macro": 0.22814828755696945, "hamming_loss": 0.0479395319942017, "hamming_score": 0.2589457809725646, "exact_match_ratio": 0.0683371298405467, "hf1": 0.3867281105990783}