{"Micro-F1": 0.39928607853136155, "Macro-F1": 0.3033372903741266, "Precision": 0.31089859927354196, "Recall": 0.43709777150878826, "sk_micro": 0.39928607853136155, "sk_macro": 0.30333729037412654, "hamming_loss": 0.04065714088493132, "hamming_score": 0.3075274921231637, "exact_match_ratio": 0.08656036446469248, "hf1": 0.43882709807886755}