{"Micro-F1": 0.7339901477832512, "Macro-F1": 0.6591421267701175, "Precision": 0.7153310320069601, "Recall": 0.6715651683446369, "sk_micro": 0.7339901477832512, "sk_macro": 0.6591421267701173}