{"Micro-F1": 0.734249842111911, "Macro-F1": 0.6588763019425814, "Precision": 0.7142936207467624, "Recall": 0.6714064381859067, "sk_micro": 0.734249842111911, "sk_macro": 0.6588763019425813}