{"Micro-F1": 0.7347692307692307, "Macro-F1": 0.6590522768206349, "Precision": 0.7137435547464283, "Recall": 0.671803263582732, "sk_micro": 0.7347692307692307, "sk_macro": 0.6590522768206348}