{"Micro-F1": 0.7339901477832512, "Macro-F1": 0.6584345022369915, "Precision": 0.7138062754868985, "Recall": 0.6708508826303511, "sk_micro": 0.7339901477832512, "sk_macro": 0.6584345022369915}