{"Micro-F1": 0.7716923076923077, "Macro-F1": 0.707781279249034, "Precision": 0.737825731465051, "Recall": 0.7375796123834573, "sk_micro": 0.7716923076923077, "sk_macro": 0.7077812792490343}