{"Micro-F1": 0.7155963302752294, "Macro-F1": 0.6630792415205944, "Precision": 0.707838649249114, "Recall": 0.6890864072339924, "sk_micro": 0.7099514563106796, "sk_macro": 0.6500776877652886}