{"Micro-F1": 0.7802197802197802, "Macro-F1": 0.7166352705685655, "Precision": 0.7274336473805542, "Recall": 0.7532693549330951, "sk_micro": 0.7802197802197802, "sk_macro": 0.7166352705685655}