{"Micro-F1": 0.7741538461538462, "Macro-F1": 0.7076485243842221, "Precision": 0.7361322178779869, "Recall": 0.7386490721899102, "sk_micro": 0.7741538461538462, "sk_macro": 0.707648524384222}