{"Micro-F1": 0.5024424284717376, "Macro-F1": 0.44199069315840356, "Precision": 0.5881550442333723, "Recall": 0.4089397703155737, "sk_micro": 0.5024424284717376, "sk_macro": 0.44199069315840356}