{"Micro-F1": 0.5862068965517241, "Macro-F1": 0.5514603744248817, "Precision": 0.6124254205549109, "Recall": 0.5814462954260161, "sk_micro": 0.5776699029126213, "sk_macro": 0.5406474259067467}