{"Micro-F1": 0.6593540524070689, "Macro-F1": 0.615000972816733, "Precision": 0.6698517063099176, "Recall": 0.6596793168587801, "sk_micro": 0.6565533980582524, "sk_macro": 0.6029421302124832}