{"Micro-F1": 0.7842170160295932, "Macro-F1": 0.7192013882593177, "Precision": 0.7526486699651794, "Recall": 0.7522970273280941, "sk_micro": 0.7718446601941747, "sk_macro": 0.7050994002542332}