{"Micro-F1": 0.7687614399023796, "Macro-F1": 0.697606394835929, "Precision": 0.711955499507601, "Recall": 0.7427108073402223, "sk_micro": 0.7687614399023796, "sk_macro": 0.6976063948359287}