{"Micro-F1": 0.588019792993051, "Macro-F1": 0.5514188424451828, "Precision": 0.6136570006582461, "Recall": 0.5810639021358982, "sk_micro": 0.5796925566343042, "sk_macro": 0.540606708279591}