{"Micro-F1": 0.6770904146838885, "Macro-F1": 0.6183034717571594, "Precision": 0.7522416524077417, "Recall": 0.5780460444083538, "sk_micro": 0.6770904146838885, "sk_macro": 0.6183034717571594}