{"Micro-F1": 0.7806963958460599, "Macro-F1": 0.7385728075978849, "Precision": 0.7604541122004381, "Recall": 0.7719336348309751, "sk_micro": 0.7754854368932039, "sk_macro": 0.7240909878410635}