{"Micro-F1": 0.5914972273567468, "Macro-F1": 0.5500635585889093, "Precision": 0.6128543925658599, "Recall": 0.5785265587783526, "sk_micro": 0.5825242718446602, "sk_macro": 0.5392779986165778}