{"Micro-F1": 0.7753846153846153, "Macro-F1": 0.7127345679072462, "Precision": 0.7490413500901147, "Recall": 0.7442629329126276, "sk_micro": 0.7645631067961165, "sk_macro": 0.698759380301222}