{"Micro-F1": 0.7780517879161529, "Macro-F1": 0.7197966362524371, "Precision": 0.7549695048841468, "Recall": 0.7498364797626238, "sk_micro": 0.7657766990291263, "sk_macro": 0.7056829767180757}