{"Micro-F1": 0.5863552550706822, "Macro-F1": 0.5527325943217576, "Precision": 0.6156911888539678, "Recall": 0.5832188522033258, "sk_micro": 0.5788834951456311, "sk_macro": 0.5418947003154487}