{"Micro-F1": 0.7790769230769231, "Macro-F1": 0.7162968695558227, "Precision": 0.7452239091561731, "Recall": 0.7483397186812515, "sk_micro": 0.7790769230769231, "sk_macro": 0.7162968695558227}