{"Micro-F1": 0.7824846630436437, "Macro-F1": 0.7201919685519504, "Precision": 0.755740222140821, "Recall": 0.7512532817104299, "sk_micro": 0.7698220064724919, "sk_macro": 0.7060705574038731}