{"Micro-F1": 0.7880633373934226, "Macro-F1": 0.7302937975197297, "Precision": 0.7511140125999778, "Recall": 0.7631152476279796, "sk_micro": 0.7880633373934226, "sk_macro": 0.7302937975197297}