{"Micro-F1": 0.7602196461256864, "Macro-F1": 0.7007900623878085, "Precision": 0.7264192477243253, "Recall": 0.7435923473731734, "sk_micro": 0.7602196461256864, "sk_macro": 0.7007900623878086}