{"Micro-F1": 0.6945298094652735, "Macro-F1": 0.6546750359717244, "Precision": 0.7015401320836144, "Recall": 0.6851908290926114, "sk_micro": 0.6945298094652735, "sk_macro": 0.6546750359717244}