{"Micro-F1": 0.7550894509561998, "Macro-F1": 0.711703534513956, "Precision": 0.7444272516254129, "Recall": 0.7441737996346269, "sk_micro": 0.7427184466019418, "sk_macro": 0.6977485632489766}