{"Micro-F1": 0.7927051671732522, "Macro-F1": 0.7402111390660305, "Precision": 0.760363214172196, "Recall": 0.7747611118774687, "sk_micro": 0.7927051671732522, "sk_macro": 0.7402111390660305}