{"Micro-F1": 0.7775746496039001, "Macro-F1": 0.7167019760954787, "Precision": 0.7422234198034507, "Recall": 0.7459246827451174, "sk_micro": 0.7775746496039001, "sk_macro": 0.7167019760954787}