{"Micro-F1": 0.7851851851851852, "Macro-F1": 0.7215778811440966, "Precision": 0.7596024915731365, "Recall": 0.7516263380405719, "sk_micro": 0.7718446601941747, "sk_macro": 0.7074292952393103}