{"Micro-F1": 0.6564370110324069, "Macro-F1": 0.5877705349049593, "Precision": 0.650791534817151, "Recall": 0.5866656330103028, "sk_micro": 0.6564370110324069, "sk_macro": 0.5877705349049593, "hamming_loss": 0.01752145601803916, "hamming_score": 0.6274489936790616, "exact_match_ratio": 0.4601366742596811, "hf1": 0.814839754527064}