{"Micro-F1": 0.6576637407157326, "Macro-F1": 0.5875667371212894, "Precision": 0.6491039198332221, "Recall": 0.5886179623193547, "sk_micro": 0.6576637407157326, "sk_macro": 0.5875667371212894, "hamming_loss": 0.017498446883412715, "hamming_score": 0.627317348558806, "exact_match_ratio": 0.4601366742596811, "hf1": 0.8140466650954513}