{"Micro-F1": 0.651806822019588, "Macro-F1": 0.5650715995836572, "Precision": 0.606974684462832, "Recall": 0.5693199630785506, "sk_micro": 0.651806822019588, "sk_macro": 0.5650715995836573, "hamming_loss": 0.01779181334989991, "hamming_score": 0.6260590775966629, "exact_match_ratio": 0.4624145785876993, "hf1": 0.8064439706230749}