{"Micro-F1": 0.650461579309929, "Macro-F1": 0.566409233532348, "Precision": 0.6292014307263808, "Recall": 0.559581403267755, "sk_micro": 0.650461579309929, "sk_macro": 0.566409233532348, "hamming_loss": 0.017866593037435863, "hamming_score": 0.6207037426000976, "exact_match_ratio": 0.45747911921032647, "hf1": 0.8083138937937581}