{"Micro-F1": 0.6504230118443316, "Macro-F1": 0.5654083441840795, "Precision": 0.6293537278029517, "Recall": 0.5579341636667775, "sk_micro": 0.6504230118443316, "sk_macro": 0.5654083441840796, "hamming_loss": 0.01782632705183958, "hamming_score": 0.6200321223954479, "exact_match_ratio": 0.4544419134396355, "hf1": 0.8089834515366431}