{"Micro-F1": 0.6515867656988521, "Macro-F1": 0.5641246315626489, "Precision": 0.6075361658646681, "Recall": 0.566001436430394, "sk_micro": 0.6515867656988521, "sk_macro": 0.564124631562649, "hamming_loss": 0.017809070200869744, "hamming_score": 0.6265526235344001, "exact_match_ratio": 0.4601366742596811, "hf1": 0.8081381594511473}