{"Micro-F1": 0.6436702311141773, "Macro-F1": 0.585230521374161, "Precision": 0.6597075146421153, "Recall": 0.5765005983161943, "sk_micro": 0.6436702311141773, "sk_macro": 0.5852305213741612, "hamming_loss": 0.01782632705183958, "hamming_score": 0.6137863749765795, "exact_match_ratio": 0.44760820045558086, "hf1": 0.8163459253979568}