{"Micro-F1": 0.6481790845305714, "Macro-F1": 0.5662593475997956, "Precision": 0.6167525981096738, "Recall": 0.5618370756280797, "sk_micro": 0.6481790845305714, "sk_macro": 0.5662593475997957, "hamming_loss": 0.018171464071236283, "hamming_score": 0.6211724304548903, "exact_match_ratio": 0.4533029612756264, "hf1": 0.8044090056285179}