{"Micro-F1": 0.6498146275699359, "Macro-F1": 0.5692688821322963, "Precision": 0.6328733182044569, "Recall": 0.5617423347677815, "sk_micro": 0.6498146275699359, "sk_macro": 0.5692688821322961, "hamming_loss": 0.01792986815765859, "hamming_score": 0.620954131290122, "exact_match_ratio": 0.45785876993166286, "hf1": 0.8098043836907849}