{"Micro-F1": 0.6511470985155196, "Macro-F1": 0.5645504742806683, "Precision": 0.6253772461717336, "Recall": 0.5590677113687058, "sk_micro": 0.6511470985155196, "sk_macro": 0.5645504742806682, "hamming_loss": 0.017843583902809414, "hamming_score": 0.6211249741147232, "exact_match_ratio": 0.4601366742596811, "hf1": 0.8061538461538461}