{"Micro-F1": 0.6453388372893016, "Macro-F1": 0.5850170248735092, "Precision": 0.66023393342455, "Recall": 0.570970241943381, "sk_micro": 0.6453388372893016, "sk_macro": 0.5850170248735094, "hamming_loss": 0.01779181334989991, "hamming_score": 0.6159617243045484, "exact_match_ratio": 0.4498861047835991, "hf1": 0.8193227563343594}