{"Micro-F1": 0.644335430851125, "Macro-F1": 0.5848307017544854, "Precision": 0.6615312288654169, "Recall": 0.5746518786839859, "sk_micro": 0.644335430851125, "sk_macro": 0.5848307017544856, "hamming_loss": 0.017774556498930078, "hamming_score": 0.6143406485946344, "exact_match_ratio": 0.44798785117691725, "hf1": 0.8181162304209778}