{"Micro-F1": 0.6515254237288136, "Macro-F1": 0.5866069785023625, "Precision": 0.6491082338926367, "Recall": 0.5860789182256883, "sk_micro": 0.6515254237288136, "sk_macro": 0.5866069785023628, "hamming_loss": 0.017740042796990405, "hamming_score": 0.6234769596386904, "exact_match_ratio": 0.45671981776765375, "hf1": 0.8111557551406287}