{"Micro-F1": 0.6505242240830039, "Macro-F1": 0.5651518595820338, "Precision": 0.610421149479058, "Recall": 0.5657194917123415, "sk_micro": 0.6505242240830039, "sk_macro": 0.565151859582034, "hamming_loss": 0.01792411587400198, "hamming_score": 0.6245947105286511, "exact_match_ratio": 0.4586180713743356, "hf1": 0.80633037856758}