{"Micro-F1": 0.6601218686526743, "Macro-F1": 0.589137889091226, "Precision": 0.6541624507255941, "Recall": 0.5853000184858654, "sk_micro": 0.6601218686526743, "sk_macro": 0.589137889091226, "hamming_loss": 0.017325878373714364, "hamming_score": 0.6315526728396886, "exact_match_ratio": 0.4635535307517084, "hf1": 0.8193168433451119}