{"Micro-F1": 0.6439972241498959, "Macro-F1": 0.5842445590157862, "Precision": 0.6646522385295857, "Recall": 0.5764847957923828, "sk_micro": 0.6439972241498959, "sk_macro": 0.5842445590157863, "hamming_loss": 0.017705529095050736, "hamming_score": 0.6132738465027753, "exact_match_ratio": 0.44646924829157175, "hf1": 0.818680009530617}