{"Micro-F1": 0.5118457300275482, "Macro-F1": 0.38743472740052964, "Precision": 0.3642221265465578, "Recall": 0.5250680846765438, "sk_micro": 0.5620084694494858, "sk_macro": 0.4432431466292332, "hamming_loss": 0.024987920204321116, "hamming_score": 0.5270860534904812, "exact_match_ratio": 0.3109339407744875, "hf1": 0.7148576512455516}