{"Micro-F1": 0.5180255130338325, "Macro-F1": 0.38959015329813734, "Precision": 0.3693237331861876, "Recall": 0.5283643413174918, "sk_micro": 0.5664038811400849, "sk_macro": 0.441310745416098, "hamming_loss": 0.024677296886864084, "hamming_score": 0.5287474073635797, "exact_match_ratio": 0.31662870159453305, "hf1": 0.7151461075172875}