{"Micro-F1": 0.5263207173840966, "Macro-F1": 0.40231592922134535, "Precision": 0.3870724594514876, "Recall": 0.5221499494856575, "sk_micro": 0.5627876356106151, "sk_macro": 0.4439062951152471, "hamming_loss": 0.024746324290743426, "hamming_score": 0.5233803364548807, "exact_match_ratio": 0.31169324221716027, "hf1": 0.7135040777797034}