{"Micro-F1": 0.5490909090909091, "Macro-F1": 0.42992290696536895, "Precision": 0.42767151862171754, "Recall": 0.5130174224629369, "sk_micro": 0.5599505562422744, "sk_macro": 0.4471649933004102, "hamming_loss": 0.024573755781045075, "hamming_score": 0.5143075485105812, "exact_match_ratio": 0.30751708428246016, "hf1": 0.7105084745762712}