{"Micro-F1": 0.5298689925201194, "Macro-F1": 0.44506733070157045, "Precision": 0.48124102606520713, "Recall": 0.51549812203191, "sk_micro": 0.5298689925201194, "sk_macro": 0.44506733070157045}