{"Micro-F1": 0.5474499677211104, "Macro-F1": 0.469462733434076, "Precision": 0.5497784538839797, "Recall": 0.4992919557456077, "sk_micro": 0.5474499677211104, "sk_macro": 0.46946273343407596}