{"Micro-F1": 0.5527777777777778, "Macro-F1": 0.4825615304329514, "Precision": 0.6246255794428214, "Recall": 0.450943142383075, "sk_micro": 0.5527777777777778, "sk_macro": 0.48256153043295136}