{"Micro-F1": 0.5817950350095481, "Macro-F1": 0.490823308218418, "Precision": 0.5780823438525898, "Recall": 0.5173259457631381, "sk_micro": 0.5817950350095481, "sk_macro": 0.490823308218418}