{"Micro-F1": 0.5984802746529232, "Macro-F1": 0.5294488973513193, "Precision": 0.6550215731502859, "Recall": 0.5281787272803372, "sk_micro": 0.5984802746529232, "sk_macro": 0.5294488973513193}