{"Micro-F1": 0.5838509316770186, "Macro-F1": 0.501031686168266, "Precision": 0.5862787903294623, "Recall": 0.5400069320858506, "sk_micro": 0.5838509316770186, "sk_macro": 0.501031686168266}