{"Micro-F1": 0.5833861762840837, "Macro-F1": 0.5001782263410678, "Precision": 0.5903385479391795, "Recall": 0.5263654741284891, "sk_micro": 0.5833861762840837, "sk_macro": 0.5001782263410679}