{"Micro-F1": 0.5533290239172592, "Macro-F1": 0.4697166202742585, "Precision": 0.5539759436468781, "Recall": 0.49636861273057326, "sk_micro": 0.5533290239172592, "sk_macro": 0.4697166202742585}