{"Micro-F1": 0.6003873466752744, "Macro-F1": 0.5339810312636484, "Precision": 0.6561169573158768, "Recall": 0.5322519844502345, "sk_micro": 0.6003873466752744, "sk_macro": 0.5339810312636484}