{"Micro-F1": 0.560134391863844, "Macro-F1": 0.4713870461907268, "Precision": 0.5023896786917598, "Recall": 0.5600206871851701, "sk_micro": 0.5444983818770227, "sk_macro": 0.462144162932085}