{"Micro-F1": 0.5279898218829516, "Macro-F1": 0.43698965811227425, "Precision": 0.47606565251963934, "Recall": 0.5127517828813155, "sk_micro": 0.5279898218829516, "sk_macro": 0.4369896581122741}