{"Micro-F1": 0.5509065550906556, "Macro-F1": 0.4784610047413025, "Precision": 0.6218026573919951, "Recall": 0.44866848444873836, "sk_micro": 0.5509065550906556, "sk_macro": 0.4784610047413024}