{"Micro-F1": 0.5836093215252798, "Macro-F1": 0.5007431569761391, "Precision": 0.5859134563846027, "Recall": 0.5397061128334184, "sk_micro": 0.5836093215252798, "sk_macro": 0.500743156976139}