{"Micro-F1": 0.5429292929292929, "Macro-F1": 0.45274717230390316, "Precision": 0.49159223686393333, "Recall": 0.5280953217858384, "sk_micro": 0.5429292929292929, "sk_macro": 0.4527471723039033}