{"Micro-F1": 0.5360712262184936, "Macro-F1": 0.44541118056452245, "Precision": 0.48355456471258784, "Recall": 0.5214460042502509, "sk_micro": 0.5360712262184936, "sk_macro": 0.44541118056452245}