{"Micro-F1": 0.5503875968992248, "Macro-F1": 0.4659665749480954, "Precision": 0.5500166015091115, "Recall": 0.4941222751571497, "sk_micro": 0.5503875968992248, "sk_macro": 0.4659665749480954}