{"Micro-F1": 0.5859714463066419, "Macro-F1": 0.5021842069686998, "Precision": 0.5868401657297543, "Recall": 0.5416044743285542, "sk_micro": 0.5859714463066419, "sk_macro": 0.5021842069686997}