{"Micro-F1": 0.56125, "Macro-F1": 0.47393346875375963, "Precision": 0.5128297384372299, "Recall": 0.5609803913581295, "sk_micro": 0.5449029126213593, "sk_macro": 0.4646406556409407}