{"Micro-F1": 0.56, "Macro-F1": 0.4712966746222231, "Precision": 0.499192744252251, "Recall": 0.5597283350986902, "sk_micro": 0.5436893203883495, "sk_macro": 0.4620555633551206}