{"Micro-F1": 0.5824873096446701, "Macro-F1": 0.48873438025812377, "Precision": 0.5831268369383426, "Recall": 0.5178052927939568, "sk_micro": 0.5824873096446701, "sk_macro": 0.48873438025812377}