{"Micro-F1": 0.5931965145565824, "Macro-F1": 0.5252227480453332, "Precision": 0.588206522447314, "Recall": 0.5360351237175169, "sk_micro": 0.5748381877022654, "sk_macro": 0.5149242627895422}