{"Micro-F1": 0.5919899874843555, "Macro-F1": 0.5243839844055433, "Precision": 0.5946411205761304, "Recall": 0.533682932090809, "sk_micro": 0.5740291262135923, "sk_macro": 0.5141019454956305}