{"Micro-F1": 0.5257731958762887, "Macro-F1": 0.44186372098493926, "Precision": 0.4766410207056601, "Recall": 0.5115901370156059, "sk_micro": 0.5257731958762887, "sk_macro": 0.44186372098493915}