{"Micro-F1": 0.5630461922596754, "Macro-F1": 0.47266646509992477, "Precision": 0.49890833975766063, "Recall": 0.5623533350986905, "sk_micro": 0.5473300970873787, "sk_macro": 0.46339849519600446}