{"Micro-F1": 0.5591531755915318, "Macro-F1": 0.4689309951961975, "Precision": 0.49514655338579866, "Recall": 0.5593533350986903, "sk_micro": 0.5449029126213593, "sk_macro": 0.4597362698001936}