{"Micro-F1": 0.5810055865921788, "Macro-F1": 0.49901357779145145, "Precision": 0.5846214130945914, "Recall": 0.5375069320858505, "sk_micro": 0.5810055865921788, "sk_macro": 0.4990135777914512}