{"Micro-F1": 0.5964912280701754, "Macro-F1": 0.5236322396526635, "Precision": 0.580242235728003, "Recall": 0.5345130261346961, "sk_micro": 0.5776699029126213, "sk_macro": 0.5133649408359444}