{"Micro-F1": 0.5335892514395394, "Macro-F1": 0.44704213352474087, "Precision": 0.4788847510724787, "Recall": 0.5199267419688491, "sk_micro": 0.5335892514395394, "sk_macro": 0.4470421335247409}