{"Micro-F1": 0.5942782834850455, "Macro-F1": 0.5240465471428609, "Precision": 0.6536814881803029, "Recall": 0.5216878939238884, "sk_micro": 0.5942782834850455, "sk_macro": 0.5240465471428609}