{"Micro-F1": 0.5541897834300121, "Macro-F1": 0.4827914675874268, "Precision": 0.6303728520295216, "Recall": 0.45197398300423736, "sk_micro": 0.5541897834300121, "sk_macro": 0.48279146758742675}