{"Micro-F1": 0.6007751937984496, "Macro-F1": 0.5303191136474485, "Precision": 0.6552662739546777, "Recall": 0.5305963034668888, "sk_micro": 0.6007751937984496, "sk_macro": 0.5303191136474483}