{"Micro-F1": 0.5911083281152161, "Macro-F1": 0.5276520200777928, "Precision": 0.5897362110378085, "Recall": 0.5399094129270459, "sk_micro": 0.5728155339805825, "sk_macro": 0.5173059020370517}