{"Micro-F1": 0.5372945638432364, "Macro-F1": 0.44649671127738977, "Precision": 0.4830058047541908, "Recall": 0.5234909080835987, "sk_micro": 0.5372945638432364, "sk_macro": 0.44649671127739}