{"Micro-F1": 0.5825561736461006, "Macro-F1": 0.49324530493920316, "Precision": 0.5838492429100373, "Recall": 0.520498904228528, "sk_micro": 0.5825561736461006, "sk_macro": 0.4932453049392032}