{"Micro-F1": 0.5302445302445302, "Macro-F1": 0.4462961375950313, "Precision": 0.4881973064174825, "Recall": 0.5149774871112749, "sk_micro": 0.5302445302445302, "sk_macro": 0.44629613759503123}