{"Micro-F1": 0.45571536714610145, "Macro-F1": 0.3782928732997213, "Precision": 0.546600305032658, "Recall": 0.3356741289033636, "sk_micro": 0.36529126213592233, "sk_macro": 0.3708753659801187}