{"Micro-F1": 0.5503888628458647, "Macro-F1": 0.46838197621880995, "Precision": 0.5512569996799898, "Recall": 0.4965942812111102, "sk_micro": 0.5503888628458647, "sk_macro": 0.46838197621880995}