{"Micro-F1": 0.5588850174216028, "Macro-F1": 0.4873518675880267, "Precision": 0.6446903192537485, "Recall": 0.4563103221808988, "sk_micro": 0.5588850174216028, "sk_macro": 0.48735186758802657}