{"Micro-F1": 0.6000663689609187, "Macro-F1": 0.4807795757804752, "Precision": 0.5013624676552065, "Recall": 0.5267247644935292, "sk_micro": 0.612684171920761, "sk_macro": 0.4950184505621598, "hamming_loss": 0.02107444988993964, "hamming_score": 0.5737869355293231, "exact_match_ratio": 0.3692736016198431, "hf1": 0.7513504249921447}