{"Micro-F1": 0.8696711327649208, "Macro-F1": 0.8356990559200466, "Precision": 0.8420924161146792, "Recall": 0.8704608243197411, "sk_micro": 0.8696711327649208, "sk_macro": 0.835699055920047}