{"Micro-F1": 0.7710542732376794, "Macro-F1": 0.709234401922879, "Precision": 0.7394112586339836, "Recall": 0.74228197775146, "sk_micro": 0.75, "sk_macro": 0.6953278450224303}