{"Micro-F1": 0.7826625386996904, "Macro-F1": 0.7187135147011763, "Precision": 0.7466515816020238, "Recall": 0.7556005803669649, "sk_micro": 0.7669902912621359, "sk_macro": 0.7046210928442903}