{"Micro-F1": 0.5767826504701118, "Macro-F1": 0.5224826395002994, "Precision": 0.5703236583489552, "Recall": 0.5490151953236095, "sk_micro": 0.566747572815534, "sk_macro": 0.5122378818630386}