{"Micro-F1": 0.7534246575342466, "Macro-F1": 0.7088335740022396, "Precision": 0.7374313281895661, "Recall": 0.7380455986997388, "sk_micro": 0.7342233009708737, "sk_macro": 0.6949348764727842}