{"Micro-F1": 0.5843113032736257, "Macro-F1": 0.5316824352985884, "Precision": 0.5850517089724483, "Recall": 0.5548623022732815, "sk_micro": 0.5740291262135923, "sk_macro": 0.52125728950842}