{"Micro-F1": 0.7796399751707014, "Macro-F1": 0.7097813818634569, "Precision": 0.7402983504224817, "Recall": 0.7431441726821332, "sk_micro": 0.7621359223300971, "sk_macro": 0.6958640998661343}