{"Micro-F1": 0.7808814400993171, "Macro-F1": 0.7197958865663836, "Precision": 0.7492407282512374, "Recall": 0.7620084149279748, "sk_micro": 0.7633495145631068, "sk_macro": 0.7056822417317488}