{"Micro-F1": 0.5666666666666667, "Macro-F1": 0.5145742255046641, "Precision": 0.5566272452921784, "Recall": 0.5443362508828978, "sk_micro": 0.5570388349514563, "sk_macro": 0.5044845348084944}