{"Micro-F1": 0.5793699814700433, "Macro-F1": 0.5211912576976455, "Precision": 0.569292020782239, "Recall": 0.5478470328146492, "sk_micro": 0.5691747572815534, "sk_macro": 0.5109718212722015}