{"Micro-F1": 0.7384230287859824, "Macro-F1": 0.6860012375396413, "Precision": 0.7179283669960733, "Recall": 0.7095182291961862, "sk_micro": 0.7160194174757282, "sk_macro": 0.6725502328820011}