{"Micro-F1": 0.7771918961692327, "Macro-F1": 0.7129372234509065, "Precision": 0.7429834457692343, "Recall": 0.7491448551205226, "sk_micro": 0.758495145631068, "sk_macro": 0.6989580622067711}