{"Micro-F1": 0.6973039215686274, "Macro-F1": 0.631808463632531, "Precision": 0.6985706824112657, "Recall": 0.663930263184558, "sk_micro": 0.6973039215686274, "sk_macro": 0.631808463632531}