{"Micro-F1": 0.696078431372549, "Macro-F1": 0.6319681481552366, "Precision": 0.7004764478047331, "Recall": 0.6634818760877838, "sk_micro": 0.696078431372549, "sk_macro": 0.6319681481552365}