{"Micro-F1": 0.6973039215686274, "Macro-F1": 0.6323896225867064, "Precision": 0.7003375640740024, "Recall": 0.6639818760877837, "sk_micro": 0.6973039215686274, "sk_macro": 0.6323896225867065}