{"Micro-F1": 0.6985294117647058, "Macro-F1": 0.6310676201556498, "Precision": 0.694898035355062, "Recall": 0.6643270373781063, "sk_micro": 0.6985294117647058, "sk_macro": 0.6310676201556499}