{"Micro-F1": 0.623750017804833, "Macro-F1": 0.4692402075647178, "Precision": 0.5075247219630383, "Recall": 0.49089026021036747, "sk_micro": 0.6238122462386863, "sk_macro": 0.46925528594970217, "hamming_loss": 0.02171487080370907, "hamming_score": 0.5679925543536021, "exact_match_ratio": 0.32991647684130604, "hf1": 0.7399220959405294}