{"Micro-F1": 0.6242152466367713, "Macro-F1": 0.4772976698943933, "Precision": 0.5181801822432016, "Recall": 0.4972641524897183, "sk_micro": 0.6242152466367713, "sk_macro": 0.4772976698943934, "hamming_loss": 0.021691861669082626, "hamming_score": 0.5696244498351558, "exact_match_ratio": 0.3325740318906606, "hf1": 0.7395035954534911}