{"Micro-F1": 0.6218487394957983, "Macro-F1": 0.46198687572373043, "Precision": 0.4991609295464099, "Recall": 0.4873494904384037, "sk_micro": 0.6220354247973582, "sk_macro": 0.46203211087868346, "hamming_loss": 0.021726375371022295, "hamming_score": 0.564442669454059, "exact_match_ratio": 0.32574031890660593, "hf1": 0.7406890130353818}