{"Micro-F1": 0.6251860672819292, "Macro-F1": 0.46843607707602963, "Precision": 0.5052330540995034, "Recall": 0.4880571377029804, "sk_micro": 0.6251860672819292, "sk_macro": 0.46843607707602974, "hamming_loss": 0.021726375371022295, "hamming_score": 0.5699105437715917, "exact_match_ratio": 0.3314350797266515, "hf1": 0.7395736793327155}