{"Micro-F1": 0.5869565217391305, "Macro-F1": 0.5181214355217675, "Precision": 0.5741976760280787, "Recall": 0.5449392750979734, "sk_micro": 0.5871559633027523, "sk_macro": 0.5181214355217677, "hamming_loss": 0.020967073928349556, "hamming_score": 0.5590755011882567, "exact_match_ratio": 0.3952164009111617, "hf1": 0.7680074836295603}