{"Micro-F1": 0.5885723919264425, "Macro-F1": 0.518549563542007, "Precision": 0.5745067790795074, "Recall": 0.545677538015679, "sk_micro": 0.5892450222463329, "sk_macro": 0.5186906991323212, "hamming_loss": 0.020811762269621042, "hamming_score": 0.5603138856840443, "exact_match_ratio": 0.39749430523917995, "hf1": 0.7685373885301696}