{"Micro-F1": 0.5868752125127508, "Macro-F1": 0.5161124443378293, "Precision": 0.5696025881976182, "Recall": 0.5421701512897339, "sk_micro": 0.5870748299319728, "sk_macro": 0.5161124443378293, "hamming_loss": 0.02094981707737972, "hamming_score": 0.5598036170359625, "exact_match_ratio": 0.39863325740318906, "hf1": 0.7665260196905767}