{"Micro-F1": 0.5918854415274463, "Macro-F1": 0.5214148107664244, "Precision": 0.5797200730128254, "Recall": 0.5499231876593297, "sk_micro": 0.5935042735042735, "sk_macro": 0.5218382175373666, "hamming_loss": 0.020518395803133842, "hamming_score": 0.5620625388279139, "exact_match_ratio": 0.39863325740318906, "hf1": 0.7710786622703721}