{"Micro-F1": 0.6305654335228739, "Macro-F1": 0.5198297170585959, "Precision": 0.5530806506728291, "Recall": 0.5551908749672474, "sk_micro": 0.6308658583237442, "sk_macro": 0.5199709966483109, "hamming_loss": 0.019900984023990858, "hamming_score": 0.5919084954107728, "exact_match_ratio": 0.40597317134902555, "hf1": 0.7573003301512365}