{"Micro-F1": 0.6507237256135935, "Macro-F1": 0.5460158230012885, "Precision": 0.5399882779913023, "Recall": 0.6340997323274574, "sk_micro": 0.6509285489455461, "sk_macro": 0.5464394137474599, "hamming_loss": 0.019137847725547042, "hamming_score": 0.6330897652082158, "exact_match_ratio": 0.4510250569476082, "hf1": 0.788853647485274}