{"Micro-F1": 0.6562099871959027, "Macro-F1": 0.5849514529290756, "Precision": 0.6269114073826506, "Recall": 0.6199413851648427, "sk_micro": 0.6562099871959027, "sk_macro": 0.5849514529290756, "hamming_loss": 0.018533857941602817, "hamming_score": 0.6278397380903071, "exact_match_ratio": 0.44419134396355353, "hf1": 0.7988111568358481}