{"Micro-F1": 0.6581387911736488, "Macro-F1": 0.5866008709922815, "Precision": 0.625713184941708, "Recall": 0.626844934731733, "sk_micro": 0.6581387911736488, "sk_macro": 0.5866008709922816, "hamming_loss": 0.018447573686753642, "hamming_score": 0.6298668017631567, "exact_match_ratio": 0.44646924829157175, "hf1": 0.7978042086001829}