{"Micro-F1": 0.6550241679943817, "Macro-F1": 0.5725227156408819, "Precision": 0.5975376234385537, "Recall": 0.6269620174080109, "sk_micro": 0.6550924424383658, "sk_macro": 0.5726639125562724, "hamming_loss": 0.01870642645130117, "hamming_score": 0.6302654350205598, "exact_match_ratio": 0.4472285497342445, "hf1": 0.795156337640435}