{"Micro-F1": 0.6484047695778279, "Macro-F1": 0.553273739226463, "Precision": 0.5879046983598981, "Recall": 0.5972917151779857, "sk_micro": 0.6484047695778279, "sk_macro": 0.5532737392264628, "hamming_loss": 0.018827224408090013, "hamming_score": 0.6166121274321726, "exact_match_ratio": 0.4271070615034169, "hf1": 0.7899159663865547}