{"Micro-F1": 0.6501128668171557, "Macro-F1": 0.5505760976052311, "Precision": 0.5883888607555888, "Recall": 0.5910766290772234, "sk_micro": 0.6501128668171557, "sk_macro": 0.550576097605231, "hamming_loss": 0.018723683302271, "hamming_score": 0.6197704598615755, "exact_match_ratio": 0.4316628701594533, "hf1": 0.7893258426966293}