{"Micro-F1": 0.6526520051746443, "Macro-F1": 0.5629519470191416, "Precision": 0.6018379858369952, "Recall": 0.5945589299198788, "sk_micro": 0.6526520051746443, "sk_macro": 0.5629519470191413, "hamming_loss": 0.018533857941602817, "hamming_score": 0.6207214640585934, "exact_match_ratio": 0.4328018223234624, "hf1": 0.7938071780436312}