{"Micro-F1": 0.6503898805232092, "Macro-F1": 0.5556005946169452, "Precision": 0.5927105149841607, "Recall": 0.594309091391696, "sk_micro": 0.6503898805232092, "sk_macro": 0.555600594616945, "hamming_loss": 0.01869492188398794, "hamming_score": 0.6190346837841139, "exact_match_ratio": 0.43052391799544426, "hf1": 0.7910163290422717}