{"Micro-F1": 0.748451053283767, "Macro-F1": 0.7181638675934644, "Precision": 0.7467040752551084, "Recall": 0.7459305659386293, "sk_micro": 0.7330097087378641, "sk_macro": 0.7040822231308475}