{"Micro-F1": 0.7656153370439085, "Macro-F1": 0.7124184844830068, "Precision": 0.7509413091204274, "Recall": 0.7431396409191763, "sk_micro": 0.7512135922330098, "sk_macro": 0.6984494945911833}