{"Micro-F1": 0.6391795308180322, "Macro-F1": 0.5746553428637545, "Precision": 0.6269293107856088, "Recall": 0.609919911379849, "sk_micro": 0.633495145631068, "sk_macro": 0.5633875910428966}