{"Micro-F1": 0.7792848335388409, "Macro-F1": 0.7205899068696756, "Precision": 0.7443728841755417, "Recall": 0.7597556906154384, "sk_micro": 0.7669902912621359, "sk_macro": 0.7064606930094859}