{"Micro-F1": 0.7787372612255687, "Macro-F1": 0.7098519844643641, "Precision": 0.7370471657816942, "Recall": 0.7489032592359557, "sk_micro": 0.7673948220064726, "sk_macro": 0.6959333181023176}