{"Micro-F1": 0.6442542787286064, "Macro-F1": 0.5741964347203794, "Precision": 0.6284496432112947, "Recall": 0.6064549091958608, "sk_micro": 0.6395631067961165, "sk_macro": 0.5629376810984114}