{"Micro-F1": 0.6397058823529411, "Macro-F1": 0.5757651290378142, "Precision": 0.6194586404027614, "Recall": 0.6146335798353026, "sk_micro": 0.633495145631068, "sk_macro": 0.5644756167037392}