{"Micro-F1": 0.633578431372549, "Macro-F1": 0.5740044648330699, "Precision": 0.6328796487427701, "Recall": 0.6086712451083836, "sk_micro": 0.6274271844660194, "sk_macro": 0.5627494753265391}