{"Micro-F1": 0.7768899815611555, "Macro-F1": 0.7048502562215415, "Precision": 0.731169436474374, "Recall": 0.7429433532401701, "sk_micro": 0.7669902912621359, "sk_macro": 0.6910296629622956}