{"Micro-F1": 0.7151898734177216, "Macro-F1": 0.6660682843642526, "Precision": 0.7218135369936922, "Recall": 0.6951826197218448, "sk_micro": 0.6856796116504854, "sk_macro": 0.653008121925738}