{"Micro-F1": 0.7800369685767098, "Macro-F1": 0.7041157903018751, "Precision": 0.7355991766951666, "Recall": 0.7440107338522586, "sk_micro": 0.7682038834951457, "sk_macro": 0.6903095983351717}