{"Micro-F1": 0.619079386257505, "Macro-F1": 0.5389989483538382, "Precision": 0.604778282550298, "Recall": 0.5495457445004956, "sk_micro": 0.619079386257505, "sk_macro": 0.5389989483538382, "hamming_loss": 0.019707323807551597, "hamming_score": 0.5854707175891682, "exact_match_ratio": 0.428246013667426, "hf1": 0.7804535889642273}