{"Micro-F1": 0.624750499001996, "Macro-F1": 0.5345887359217159, "Precision": 0.5977767193299982, "Recall": 0.5410394342219488, "sk_micro": 0.624750499001996, "sk_macro": 0.5345887359217157, "hamming_loss": 0.019465727893973907, "hamming_score": 0.5908135713944367, "exact_match_ratio": 0.43621867881548976, "hf1": 0.7838279971956065}