{"Micro-F1": 0.6191269576807731, "Macro-F1": 0.5391373212553843, "Precision": 0.6105824068819462, "Recall": 0.5489808981942808, "sk_micro": 0.6199532866199533, "sk_macro": 0.5394332381710196, "hamming_loss": 0.01965555325464209, "hamming_score": 0.5851480144760323, "exact_match_ratio": 0.4316628701594533, "hf1": 0.7815499882931397}