{"Micro-F1": 0.6209856143134247, "Macro-F1": 0.5375750018436461, "Precision": 0.6043791362540808, "Recall": 0.5465220256389084, "sk_micro": 0.6212610572931515, "sk_macro": 0.5376736408155245, "hamming_loss": 0.0196095349853892, "hamming_score": 0.5871441011532125, "exact_match_ratio": 0.4320425208807897, "hf1": 0.7819438581509912}