{"Micro-F1": 0.642551745824215, "Macro-F1": 0.5105743250882901, "Precision": 0.5438138127691186, "Recall": 0.5250590207772114, "sk_micro": 0.6426201108257822, "sk_macro": 0.5110793755933406, "hamming_loss": 0.01927015024964911, "hamming_score": 0.6018502473229121, "exact_match_ratio": 0.40129081245254367, "hf1": 0.7681764366461309}