{"Micro-F1": 0.6390760346487007, "Macro-F1": 0.5043593210532812, "Precision": 0.5337895799176093, "Recall": 0.519591272005014, "sk_micro": 0.6392811296534018, "sk_macro": 0.5058744725684325, "hamming_loss": 0.01939670049009457, "hamming_score": 0.5972817836428312, "exact_match_ratio": 0.39749430523917995, "hf1": 0.7664473684210527}