{"Micro-F1": 0.6462715105162524, "Macro-F1": 0.5216890176567316, "Precision": 0.5550193642664617, "Recall": 0.5327832705054991, "sk_micro": 0.6462715105162524, "sk_macro": 0.5216890176567316, "hamming_loss": 0.01915510457651688, "hamming_score": 0.6073615102943117, "exact_match_ratio": 0.4054669703872437, "hf1": 0.7735142723444081}