{"Micro-F1": 0.6423076923076924, "Macro-F1": 0.5056746365548574, "Precision": 0.5426324941232847, "Recall": 0.5228025198211211, "sk_micro": 0.6423076923076924, "sk_macro": 0.5056746365548574, "hamming_loss": 0.019258645682335887, "hamming_score": 0.6009074480315933, "exact_match_ratio": 0.4009111617312073, "hf1": 0.7645676691729323}