{"Micro-F1": 0.6409774391108797, "Macro-F1": 0.5220673087520682, "Precision": 0.5385278563912004, "Recall": 0.5633399222395999, "sk_micro": 0.6409774391108797, "sk_macro": 0.5220673087520682, "hamming_loss": 0.020014112269237553, "hamming_score": 0.5999903317386225, "exact_match_ratio": 0.39749430523917995, "hf1": 0.7600033234875347}