{"Micro-F1": 0.860479409956976, "Macro-F1": 0.8450193337101564, "Precision": 0.853718986758308, "Recall": 0.8726684891069441, "sk_micro": 0.860479409956976, "sk_macro": 0.8450193337101564}