{"Micro-F1": 0.8573185731857319, "Macro-F1": 0.8420305256068495, "Precision": 0.8513479545155023, "Recall": 0.8711890073142271, "sk_micro": 0.8573185731857319, "sk_macro": 0.8420305256068495}