{"Micro-F1": 0.8617086662569146, "Macro-F1": 0.8483491085813784, "Precision": 0.8548783433647175, "Recall": 0.8753424871677069, "sk_micro": 0.8617086662569146, "sk_macro": 0.848349108581378}