{"Micro-F1": 0.8598355497998741, "Macro-F1": 0.8451329892994615, "Precision": 0.8533150948795093, "Recall": 0.8730666611962926, "sk_micro": 0.8598355497998741, "sk_macro": 0.8451329892994613}