{"Micro-F1": 0.8887537993920973, "Macro-F1": 0.8456473172744801, "Precision": 0.8523091066719362, "Recall": 0.8800908720400226, "sk_micro": 0.8887537993920973, "sk_macro": 0.8456473172744802}