{"Micro-F1": 0.8877174558802142, "Macro-F1": 0.8461442907688221, "Precision": 0.8533979579979071, "Recall": 0.8796649461140967, "sk_micro": 0.8877174558802142, "sk_macro": 0.8461442907688221}