{"Micro-F1": 0.8856447688564477, "Macro-F1": 0.8471382377575059, "Precision": 0.8555756606498491, "Recall": 0.8788130942622447, "sk_micro": 0.8856447688564477, "sk_macro": 0.8471382377575061}