{"Micro-F1": 0.8033310543343094, "Macro-F1": 0.7605699647373263, "Precision": 0.7592276643315375, "Recall": 0.8071427242549305, "sk_micro": 0.8033310543343094, "sk_macro": 0.7605699647373263}