{"Micro-F1": 0.8080438756855576, "Macro-F1": 0.7642088707143195, "Precision": 0.7622386280312219, "Recall": 0.8124577224641624, "sk_micro": 0.8080438756855576, "sk_macro": 0.7642088707143193}