{"Micro-F1": 0.8060975609756098, "Macro-F1": 0.7821201557506346, "Precision": 0.7902358379160606, "Recall": 0.8163903074727706, "sk_micro": 0.8060975609756098, "sk_macro": 0.7821201557506346}