{"Micro-F1": 0.807551766138855, "Macro-F1": 0.7651694851265981, "Precision": 0.7669270599160849, "Recall": 0.804622942758202, "sk_micro": 0.807551766138855, "sk_macro": 0.7651694851265982}