{"Micro-F1": 0.8160779537149817, "Macro-F1": 0.7757481233243736, "Precision": 0.7794359413740818, "Recall": 0.8129014866994219, "sk_micro": 0.8160779537149817, "sk_macro": 0.7757481233243735}