{"Micro-F1": 0.8095823095823096, "Macro-F1": 0.7695123673004172, "Precision": 0.7834323954924642, "Recall": 0.8137910963364635, "sk_micro": 0.8095823095823096, "sk_macro": 0.7695123673004169}