{"Micro-F1": 0.8144519289650949, "Macro-F1": 0.7686206603251045, "Precision": 0.7867775696368651, "Recall": 0.8178903734531673, "sk_micro": 0.8144519289650949, "sk_macro": 0.7686206603251042}