{"Micro-F1": 0.8056407112201104, "Macro-F1": 0.7692251956508332, "Precision": 0.781997971933193, "Recall": 0.8146790162558263, "sk_micro": 0.8056407112201104, "sk_macro": 0.7692251956508332}