{"Micro-F1": 0.8065693430656934, "Macro-F1": 0.7892244105958908, "Precision": 0.7953774052898827, "Recall": 0.822859618892564, "sk_micro": 0.8065693430656934, "sk_macro": 0.7892244105958908}