{"Micro-F1": 0.8119293974437005, "Macro-F1": 0.7934751343747944, "Precision": 0.8035525986753604, "Recall": 0.8214092233395125, "sk_micro": 0.8119293974437005, "sk_macro": 0.7934751343747944}