{"Micro-F1": 0.8153564899451554, "Macro-F1": 0.7757040726014859, "Precision": 0.7782083145062431, "Recall": 0.8121695309581919, "sk_micro": 0.8153564899451554, "sk_macro": 0.775704072601486}