{"Micro-F1": 0.7987804878048781, "Macro-F1": 0.7555074184556154, "Precision": 0.755310730147499, "Recall": 0.7995281305748918, "sk_micro": 0.7987804878048781, "sk_macro": 0.7555074184556156}