{"Micro-F1": 0.8129954032663308, "Macro-F1": 0.7722072270174859, "Precision": 0.7748571052654699, "Recall": 0.8098979868052719, "sk_micro": 0.8129954032663308, "sk_macro": 0.7722072270174859}