{"Micro-F1": 0.8031687995124924, "Macro-F1": 0.7619936050420438, "Precision": 0.7601336348158917, "Recall": 0.8094423197257374, "sk_micro": 0.8031687995124924, "sk_macro": 0.7619936050420438}