{"Micro-F1": 0.809891649922505, "Macro-F1": 0.7691194077587848, "Precision": 0.7840693123541742, "Recall": 0.8154534953484857, "sk_micro": 0.809891649922505, "sk_macro": 0.7691194077587848}