{"Micro-F1": 0.8081987671616678, "Macro-F1": 0.7882732335737733, "Precision": 0.7963886139604345, "Recall": 0.8202197165682824, "sk_micro": 0.8081987671616678, "sk_macro": 0.7882732335737733}