{"Micro-F1": 0.6252192186902358, "Macro-F1": 0.5012186454590345, "Precision": 0.5232663745202778, "Recall": 0.5363532804687032, "sk_micro": 0.625344744552934, "sk_macro": 0.5012574986446613, "hamming_loss": 0.021490531741101215, "hamming_score": 0.5781014192365744, "exact_match_ratio": 0.35294862060237914, "hf1": 0.7460596946542489}