{"Micro-F1": 0.8627450980392157, "Macro-F1": 0.825840143242516, "Precision": 0.8463425888231828, "Recall": 0.8578813077632514, "sk_micro": 0.8627450980392157, "sk_macro": 0.8258401432425163}