{"Micro-F1": 0.8695652173913043, "Macro-F1": 0.8351802392972906, "Precision": 0.8505009790747329, "Recall": 0.8663485997007047, "sk_micro": 0.8695652173913043, "sk_macro": 0.8351802392972907}