{"Micro-F1": 0.7834549878345499, "Macro-F1": 0.7531085123185219, "Precision": 0.7781944842281981, "Recall": 0.8060158507116928, "sk_micro": 0.7834549878345499, "sk_macro": 0.7531085123185219}