{"Micro-F1": 0.8625534514355528, "Macro-F1": 0.8161163820727867, "Precision": 0.8368771096086601, "Recall": 0.83811527508181, "sk_micro": 0.8625534514355528, "sk_macro": 0.8161163820727869}