{"Micro-F1": 0.7817073170731708, "Macro-F1": 0.7495822099596298, "Precision": 0.7749884355694043, "Recall": 0.8020316010788173, "sk_micro": 0.7817073170731708, "sk_macro": 0.7495822099596298}