{"Micro-F1": 0.866421568627451, "Macro-F1": 0.8290789011687123, "Precision": 0.8440942589001412, "Recall": 0.8584991894491205, "sk_micro": 0.866421568627451, "sk_macro": 0.8290789011687124}