{"Micro-F1": 0.8464831804281345, "Macro-F1": 0.7983542191961418, "Precision": 0.8132241051865968, "Recall": 0.8403153253583305, "sk_micro": 0.8464831804281345, "sk_macro": 0.7983542191961419}