{"Micro-F1": 0.8505186089078707, "Macro-F1": 0.794531567319029, "Precision": 0.8020434354845942, "Recall": 0.82466316669994, "sk_micro": 0.8505186089078707, "sk_macro": 0.7945315673190287}