{"Micro-F1": 0.8301886792452831, "Macro-F1": 0.7913461393182972, "Precision": 0.8099460291391033, "Recall": 0.8338523501697013, "sk_micro": 0.8301886792452831, "sk_macro": 0.7913461393182973}