{"Micro-F1": 0.8651299705707682, "Macro-F1": 0.8288781780931459, "Precision": 0.8469157908305321, "Recall": 0.8602103106950243, "sk_micro": 0.8651299705707682, "sk_macro": 0.8288781780931457}