{"Micro-F1": 0.8671157379056951, "Macro-F1": 0.8320061663524183, "Precision": 0.8500139170197994, "Recall": 0.8619007046006358, "sk_micro": 0.8671157379056951, "sk_macro": 0.8320061663524183}