{"Micro-F1": 0.8665850673194615, "Macro-F1": 0.8302957010696578, "Precision": 0.8452257505968507, "Recall": 0.861447806049911, "sk_micro": 0.8665850673194615, "sk_macro": 0.8302957010696578}