{"Micro-F1": 0.8529591214154972, "Macro-F1": 0.815930048600637, "Precision": 0.8345204676589434, "Recall": 0.8554945245000751, "sk_micro": 0.8529591214154972, "sk_macro": 0.815930048600637}