{"Micro-F1": 0.8616891064871481, "Macro-F1": 0.8243326668573613, "Precision": 0.8455077048749462, "Recall": 0.8572824214345262, "sk_micro": 0.8616891064871481, "sk_macro": 0.824332666857361}