{"Micro-F1": 0.5659986178299931, "Macro-F1": 0.33025830221611036, "Precision": 0.40828921466944873, "Recall": 0.35658490148282784, "sk_micro": 0.5659986178299931, "sk_macro": 0.3302583022161103, "hamming_loss": 0.02167460481811279, "hamming_score": 0.5180411748464132, "exact_match_ratio": 0.3132118451025057, "hf1": 0.684406863964188}