{"Micro-F1": 0.5483520463600144, "Macro-F1": 0.3149773701505344, "Precision": 0.3818229025476201, "Recall": 0.33050513827098565, "sk_micro": 0.5483520463600144, "sk_macro": 0.31497737015053445, "hamming_loss": 0.021519293159384275, "hamming_score": 0.5142468863710311, "exact_match_ratio": 0.31662870159453305, "hf1": 0.6977687626774849}