{"Micro-F1": 0.5691751560959579, "Macro-F1": 0.33446422740290477, "Precision": 0.37089226155967403, "Recall": 0.3699750833034212, "sk_micro": 0.5691751560959579, "sk_macro": 0.3344642274029048, "hamming_loss": 0.022623731621453716, "hamming_score": 0.5170844057233573, "exact_match_ratio": 0.27790432801822323, "hf1": 0.6908914728682171}