{"Micro-F1": 0.5659208261617901, "Macro-F1": 0.32868413168269206, "Precision": 0.40155979581109275, "Recall": 0.356993563565343, "sk_micro": 0.5659208261617901, "sk_macro": 0.3286841316826921, "hamming_loss": 0.021760889072961965, "hamming_score": 0.5174079716790416, "exact_match_ratio": 0.3120728929384966, "hf1": 0.6822128504093278}