{"Micro-F1": 0.5397747911369415, "Macro-F1": 0.3444677293254338, "Precision": 0.4189928697525945, "Recall": 0.3604357226976695, "sk_micro": 0.5397747911369415, "sk_macro": 0.3444677293254338, "hamming_loss": 0.021864430178780977, "hamming_score": 0.5160502272973789, "exact_match_ratio": 0.3097949886104784, "hf1": 0.7406333091612279}