{"Micro-F1": 0.49687716863289383, "Macro-F1": 0.28884215225216453, "Precision": 0.3327128855857146, "Recall": 0.33570283018092145, "sk_micro": 0.49687716863289383, "sk_macro": 0.2888421522521645, "hamming_loss": 0.025022433906260785, "hamming_score": 0.4787249552838954, "exact_match_ratio": 0.30182232346241455, "hf1": 0.6586073500967119}