{"Micro-F1": 0.5071225071225072, "Macro-F1": 0.30564292802240306, "Precision": 0.38582588922245226, "Recall": 0.33435015901186027, "sk_micro": 0.5071225071225072, "sk_macro": 0.3056429280224029, "hamming_loss": 0.023883481742251675, "hamming_score": 0.4794784941709764, "exact_match_ratio": 0.30182232346241455, "hf1": 0.6689570552147239}