{"Micro-F1": 0.564892688227146, "Macro-F1": 0.3299604516942707, "Precision": 0.40582070327703557, "Recall": 0.35690268279387966, "sk_micro": 0.564892688227146, "sk_macro": 0.3299604516942707, "hamming_loss": 0.021772393640275185, "hamming_score": 0.5170369082954497, "exact_match_ratio": 0.3128321943811693, "hf1": 0.682560670903524}