{"Micro-F1": 0.5486789721317409, "Macro-F1": 0.3165613567559341, "Precision": 0.3829963253855985, "Recall": 0.33050701008103645, "sk_micro": 0.5486789721317409, "sk_macro": 0.3165613567559341, "hamming_loss": 0.021519293159384275, "hamming_score": 0.513962148330029, "exact_match_ratio": 0.31548974943052394, "hf1": 0.6962925342813611}