{"Micro-F1": 0.560222145088511, "Macro-F1": 0.4294290665533534, "Precision": 0.5019833299982779, "Recall": 0.4310396038575099, "sk_micro": 0.5608061153578874, "sk_macro": 0.42953550501595633, "hamming_loss": 0.02181265962587147, "hamming_score": 0.5265299431016963, "exact_match_ratio": 0.3325740318906606, "hf1": 0.7320038910505835}