{"Micro-F1": 0.5067519545131486, "Macro-F1": 0.3073730756318293, "Precision": 0.3851478244132935, "Recall": 0.3415446441548934, "sk_micro": 0.5067519545131486, "sk_macro": 0.30737307563182936, "hamming_loss": 0.023952509146131014, "hamming_score": 0.47972526713984504, "exact_match_ratio": 0.30182232346241455, "hf1": 0.667156862745098}