{"Micro-F1": 0.4738351254480287, "Macro-F1": 0.3059130420116404, "Precision": 0.35498560722404043, "Recall": 0.3402659054541622, "sk_micro": 0.4740050197203299, "sk_macro": 0.3059254077969571, "hamming_loss": 0.02531580037274798, "hamming_score": 0.43990042796990353, "exact_match_ratio": 0.24829157175398633, "hf1": 0.6548198636806231}