{"Micro-F1": 0.5148514851485149, "Macro-F1": 0.34998086778735105, "Precision": 0.4250972483571452, "Recall": 0.37908752870856444, "sk_micro": 0.5148514851485149, "sk_macro": 0.34998086778735094, "hamming_loss": 0.023676399530613654, "hamming_score": 0.4790510457651683, "exact_match_ratio": 0.2847380410022779, "hf1": 0.6646540880503145}