{"Micro-F1": 0.4881866433786199, "Macro-F1": 0.3147138340782944, "Precision": 0.36666907367510504, "Recall": 0.3457459688093721, "sk_micro": 0.4884171895493403, "sk_macro": 0.3148500101657779, "hamming_loss": 0.024895883665815327, "hamming_score": 0.44857179014354376, "exact_match_ratio": 0.2593014426727411, "hf1": 0.6536910996562925}