{"Micro-F1": 0.5620006946856547, "Macro-F1": 0.4206108548936406, "Precision": 0.49499381770570194, "Recall": 0.42647281517910235, "sk_micro": 0.5625869262865091, "sk_macro": 0.420718267636583, "hamming_loss": 0.021709118520052462, "hamming_score": 0.5294912187281201, "exact_match_ratio": 0.33826879271070615, "hf1": 0.7325864588407208}