{"Micro-F1": 0.4863716814159292, "Macro-F1": 0.31377911379655266, "Precision": 0.3658112518954841, "Recall": 0.34569529850956987, "sk_micro": 0.4867162592986185, "sk_macro": 0.31410078638297206, "hamming_loss": 0.02500517705529095, "hamming_score": 0.44754558273920425, "exact_match_ratio": 0.25854214123006836, "hf1": 0.6509135200974422}