{"Micro-F1": 0.47765462996067215, "Macro-F1": 0.3034528142772969, "Precision": 0.35317043241407603, "Recall": 0.33715916294953546, "sk_micro": 0.47782546494992845, "sk_macro": 0.30346570651768634, "hamming_loss": 0.025195002415959136, "hamming_score": 0.44343795915549855, "exact_match_ratio": 0.2539863325740319, "hf1": 0.6541919805589308}