{"Micro-F1": 0.5482195632084675, "Macro-F1": 0.3160037983814515, "Precision": 0.3824444639034393, "Recall": 0.33067976660604653, "sk_micro": 0.5482195632084675, "sk_macro": 0.31600379838145154, "hamming_loss": 0.021530797726697498, "hamming_score": 0.5136774102890267, "exact_match_ratio": 0.3162490508731967, "hf1": 0.6978770087137772}