{"Micro-F1": 0.5035838767561832, "Macro-F1": 0.30061938530213234, "Precision": 0.3678955330738201, "Recall": 0.3371992111158917, "sk_micro": 0.5035838767561832, "sk_macro": 0.3006193853021322, "hamming_loss": 0.02428614159821449, "hamming_score": 0.47930957219823894, "exact_match_ratio": 0.30182232346241455, "hf1": 0.6649070893521779}