{"Micro-F1": 0.48884165781083955, "Macro-F1": 0.3146618604806608, "Precision": 0.36592715540866927, "Recall": 0.3459130827343046, "sk_micro": 0.4890148830616584, "sk_macro": 0.31470538931067554, "hamming_loss": 0.024884379098502104, "hamming_score": 0.44952321786034727, "exact_match_ratio": 0.25968109339407747, "hf1": 0.654945054945055}