{"Micro-F1": 0.5725285608000639, "Macro-F1": 0.34104068373527635, "Precision": 0.3878397606607555, "Recall": 0.37628485219094426, "sk_micro": 0.5725285608000639, "sk_macro": 0.3410406837352764, "hamming_loss": 0.02233036515496652, "hamming_score": 0.5249700059495043, "exact_match_ratio": 0.2900531511009871, "hf1": 0.7010930109581981}