{"Micro-F1": 0.5612332257043574, "Macro-F1": 0.42593156134745414, "Precision": 0.4995850958076648, "Recall": 0.4292615210826651, "sk_micro": 0.5617537628067588, "sk_macro": 0.4260208981368647, "hamming_loss": 0.02173787993833552, "hamming_score": 0.5285041268526455, "exact_match_ratio": 0.3363705391040243, "hf1": 0.7335795837201752}