{"Micro-F1": 0.4751649250430103, "Macro-F1": 0.3050567058887803, "Precision": 0.354235698292533, "Recall": 0.3387366307059742, "sk_micro": 0.47533517351275467, "sk_macro": 0.3050692879702939, "hamming_loss": 0.02526978210349509, "hamming_score": 0.44055080581276435, "exact_match_ratio": 0.24981017463933183, "hf1": 0.654988364929133}