{"Micro-F1": 0.5692859471796544, "Macro-F1": 0.33388109973054947, "Precision": 0.38769818016687435, "Recall": 0.3721153517499796, "sk_micro": 0.5692859471796544, "sk_macro": 0.3338810997305494, "hamming_loss": 0.022796300131152067, "hamming_score": 0.5179874320819645, "exact_match_ratio": 0.2767653758542141, "hf1": 0.6977863330125121}