{"Micro-F1": 0.5627586206896552, "Macro-F1": 0.3309389211840097, "Precision": 0.4076130993505651, "Recall": 0.35712958333346817, "sk_micro": 0.5627586206896552, "sk_macro": 0.3309389211840097, "hamming_loss": 0.02188168702975081, "hamming_score": 0.5156615783608942, "exact_match_ratio": 0.3132118451025057, "hf1": 0.6810622983370564}