{"Micro-F1": 0.5139428168019767, "Macro-F1": 0.35236819847342443, "Precision": 0.4260405914251153, "Recall": 0.3795054569539194, "sk_micro": 0.5139428168019767, "sk_macro": 0.3523681984734244, "hamming_loss": 0.02376268378546283, "hamming_score": 0.47774125077655777, "exact_match_ratio": 0.2824601366742597, "hf1": 0.6636523486561166}