{"Micro-F1": 0.5039883973894126, "Macro-F1": 0.3088369346854781, "Precision": 0.39836665858664383, "Recall": 0.3397693720185097, "sk_micro": 0.5045372050816697, "sk_macro": 0.30907370578839105, "hamming_loss": 0.02355560157382481, "hamming_score": 0.4652778599532579, "exact_match_ratio": 0.2767653758542141, "hf1": 0.6335758835758836}