{"Micro-F1": 0.4893465909090909, "Macro-F1": 0.3157005279576698, "Precision": 0.36826881372116166, "Recall": 0.3456295251842417, "sk_micro": 0.4895204262877442, "sk_macro": 0.3157438548036861, "hamming_loss": 0.024798094843652932, "hamming_score": 0.4486465698310797, "exact_match_ratio": 0.25968109339407747, "hf1": 0.6552147239263802}