{"Micro-F1": 0.5149911816578483, "Macro-F1": 0.3473450984498398, "Precision": 0.4219052370805635, "Recall": 0.37182228201489914, "sk_micro": 0.5149911816578483, "sk_macro": 0.3473450984498397, "hamming_loss": 0.02372817008352316, "hamming_score": 0.4752735210878713, "exact_match_ratio": 0.27904328018223234, "hf1": 0.6597938144329897}