{"Micro-F1": 0.5614768373389063, "Macro-F1": 0.42775476259536854, "Precision": 0.5017781397190146, "Recall": 0.4302721442113828, "sk_micro": 0.5618682467758801, "sk_macro": 0.42780892175805474, "hamming_loss": 0.021691861669082626, "hamming_score": 0.52949121872812, "exact_match_ratio": 0.33826879271070615, "hf1": 0.7361484012692213}