{"Micro-F1": 0.5016357688113413, "Macro-F1": 0.30777043486341277, "Precision": 0.40675598180703715, "Recall": 0.33856708405302793, "sk_micro": 0.5021834061135371, "sk_macro": 0.30800720596632564, "hamming_loss": 0.023607372126734312, "hamming_score": 0.4637023094597118, "exact_match_ratio": 0.275626423690205, "hf1": 0.6330823162814853}