{"Micro-F1": 0.4740050197203299, "Macro-F1": 0.3058042613774036, "Precision": 0.3545510552394825, "Recall": 0.3387848237142249, "sk_micro": 0.47417503586800575, "sk_macro": 0.3058167495962382, "hamming_loss": 0.025298543521778145, "hamming_score": 0.4383140303128909, "exact_match_ratio": 0.24715261958997722, "hf1": 0.6559532505478451}