{"Micro-F1": 0.547915924474528, "Macro-F1": 0.4284690650858404, "Precision": 0.5054717839975117, "Recall": 0.43776177140832323, "sk_micro": 0.5483065953654189, "sk_macro": 0.42846906508584026, "hamming_loss": 0.021864430178780977, "hamming_score": 0.5181301708921288, "exact_match_ratio": 0.32915717539863326, "hf1": 0.7369942196531791}