{"Micro-F1": 0.5724807499163039, "Macro-F1": 0.33299176575192374, "Precision": 0.36748853059214664, "Recall": 0.3694584185695057, "sk_micro": 0.5692612137203166, "sk_macro": 0.333333641355009, "hamming_loss": 0.02253744736660454, "hamming_score": 0.5202558451419494, "exact_match_ratio": 0.285876993166287, "hf1": 0.6967930029154519}