{"Micro-F1": 0.51459516120278, "Macro-F1": 0.3498980549035384, "Precision": 0.424347692287608, "Recall": 0.3768050892257943, "sk_micro": 0.51459516120278, "sk_macro": 0.34989805490353837, "hamming_loss": 0.023722417799866547, "hamming_score": 0.47735527254319915, "exact_match_ratio": 0.2820804859529233, "hf1": 0.6627000837131402}