{"Micro-F1": 0.5791245791245792, "Macro-F1": 0.3547767240723748, "Precision": 0.4049288402557182, "Recall": 0.3867641215194319, "sk_micro": 0.5791245791245792, "sk_macro": 0.3547767240723749, "hamming_loss": 0.02157106371229378, "hamming_score": 0.5398381800431911, "exact_match_ratio": 0.31548974943052394, "hf1": 0.7146012269938652}