{"Micro-F1": 0.5476276711336472, "Macro-F1": 0.316472668237886, "Precision": 0.3825141637770993, "Recall": 0.33102715146611733, "sk_micro": 0.5476276711336472, "sk_macro": 0.3164726682378861, "hamming_loss": 0.021553806861323944, "hamming_score": 0.5128231961660199, "exact_match_ratio": 0.31662870159453305, "hf1": 0.6995697291824856}