{"Micro-F1": 0.669733815313835, "Macro-F1": 0.554353007234809, "Precision": 0.6113375544379788, "Recall": 0.5533366919433912, "sk_micro": 0.669733815313835, "sk_macro": 0.554353007234809, "hamming_loss": 0.0173431352246842, "hamming_score": 0.6293637645573857, "exact_match_ratio": 0.4407744874715262, "hf1": 0.8012319355602938}