{"Micro-F1": 0.6745640013162224, "Macro-F1": 0.5686307233974814, "Precision": 0.6249061075049989, "Recall": 0.5699536667342096, "sk_micro": 0.6745640013162224, "sk_macro": 0.5686307233974816, "hamming_loss": 0.017067025609166838, "hamming_score": 0.6350829314952317, "exact_match_ratio": 0.4510250569476082, "hf1": 0.8030374940673944}