{"Micro-F1": 0.6708360678876021, "Macro-F1": 0.5624372373844176, "Precision": 0.6187789502807265, "Recall": 0.5633541986610382, "sk_micro": 0.6708360678876021, "sk_macro": 0.5624372373844176, "hamming_loss": 0.01723959411886519, "hamming_score": 0.6305506250267063, "exact_match_ratio": 0.44495064540622625, "hf1": 0.8012009738844655}