{"Micro-F1": 0.6682103870327489, "Macro-F1": 0.5643279815209626, "Precision": 0.6200931888992018, "Recall": 0.5667722373055136, "sk_micro": 0.6682103870327489, "sk_macro": 0.5643279815209626, "hamming_loss": 0.017308621522744528, "hamming_score": 0.6272051790275018, "exact_match_ratio": 0.4430523917995444, "hf1": 0.7993334920257081}