{"Micro-F1": 0.869122845574345, "Macro-F1": 0.8366628575465347, "Precision": 0.851592630883555, "Recall": 0.8612702394293378, "sk_micro": 0.869122845574345, "sk_macro": 0.8366628575465348}