{"Micro-F1": 0.7732417634921737, "Macro-F1": 0.7131418110138946, "Precision": 0.7442887639357031, "Recall": 0.7493164958731913, "sk_micro": 0.7732417634921737, "sk_macro": 0.7131418110138948}