{"Micro-F1": 0.8080438756855576, "Macro-F1": 0.7425423961507779, "Precision": 0.7578015181487721, "Recall": 0.7807805313292724, "sk_micro": 0.8080438756855576, "sk_macro": 0.7425423961507783}