{"Micro-F1": 0.810777709736681, "Macro-F1": 0.7458733256751221, "Precision": 0.7644900607089944, "Recall": 0.7827270493552904, "sk_micro": 0.810777709736681, "sk_macro": 0.7458733256751221}