{"Micro-F1": 0.811470408785845, "Macro-F1": 0.7482927594202604, "Precision": 0.7655665028828053, "Recall": 0.7853272819770745, "sk_micro": 0.811470408785845, "sk_macro": 0.7482927594202607}