{"Micro-F1": 0.8100973314026945, "Macro-F1": 0.7455694937487202, "Precision": 0.7626193605801905, "Recall": 0.7829449542205458, "sk_micro": 0.8100973314026945, "sk_macro": 0.7455694937487204}