{"Micro-F1": 0.7111882046834345, "Macro-F1": 0.4698769647021256, "Precision": 0.498423051868007, "Recall": 0.5109878512353786, "sk_micro": 0.7111882046834345, "sk_macro": 0.46987696470212564, "hamming_loss": 0.01723959411886519, "hamming_score": 0.6512090889368791, "exact_match_ratio": 0.3542141230068337, "hf1": 0.7942043222003929}