{"Micro-F1": 0.552851711026616, "Macro-F1": 0.3950681263264046, "Precision": 0.49325590824171567, "Recall": 0.39778884910040346, "sk_micro": 0.5511751326762699, "sk_macro": 0.3891715871275028}