{"Micro-F1": 0.6145290232881474, "Macro-F1": 0.5102230906439439, "Precision": 0.6007309012163697, "Recall": 0.5084519558055561, "sk_micro": 0.6153846153846154, "sk_macro": 0.5114857169065701, "hamming_loss": 0.019068820321667703, "hamming_score": 0.5901933013835056, "exact_match_ratio": 0.3917995444191344, "hf1": 0.7874547647768396}