{"Micro-F1": 0.7109826589595376, "Macro-F1": 0.47850621904779966, "Precision": 0.5084082615246216, "Recall": 0.5163700040857025, "sk_micro": 0.70995670995671, "sk_macro": 0.4712561248198027, "hamming_loss": 0.0173431352246842, "hamming_score": 0.6501623376623376, "exact_match_ratio": 0.3553530751708428, "hf1": 0.7945945945945946}