{"Micro-F1": 0.7000285959393766, "Macro-F1": 0.46354569260197565, "Precision": 0.49119285715305067, "Recall": 0.5046672446099933, "sk_micro": 0.699228791773779, "sk_macro": 0.4566271001750805}