{"Micro-F1": 0.7238605898123325, "Macro-F1": 0.529277621899643, "Precision": 0.5872315143472258, "Recall": 0.5411210177758523, "sk_micro": 0.7237585489146595, "sk_macro": 0.5313592740930828, "hamming_loss": 0.016031614550976736, "hamming_score": 0.6814202881401054, "exact_match_ratio": 0.42255125284738043, "hf1": 0.8023540951446789}