{"Micro-F1": 0.7215568862275449, "Macro-F1": 0.4743782689942585, "Precision": 0.539527309096308, "Recall": 0.5015848024901485, "sk_micro": 0.7213114754098361, "sk_macro": 0.4772917295650527, "hamming_loss": 0.016135155656795748, "hamming_score": 0.6792842597797037, "exact_match_ratio": 0.4157175398633257, "hf1": 0.7995073891625616}