{"Micro-F1": 0.637466307277628, "Macro-F1": 0.5138246666007321, "Precision": 0.5870244461690518, "Recall": 0.5106355801508004, "sk_micro": 0.637466307277628, "sk_macro": 0.5138246666007321, "hamming_loss": 0.018568371643542487, "hamming_score": 0.6062335443599671, "exact_match_ratio": 0.40660592255125283, "hf1": 0.7897037396794561}