{"Micro-F1": 0.7007518796992481, "Macro-F1": 0.4802117432968678, "Precision": 0.551107225287161, "Recall": 0.49203125454802327, "sk_micro": 0.7007518796992481, "sk_macro": 0.4802117432968676, "hamming_loss": 0.01717056671498585, "hamming_score": 0.6324136664398625, "exact_match_ratio": 0.33940774487471526, "hf1": 0.7908689248895434}