{"Micro-F1": 0.7159963156278785, "Macro-F1": 0.4609062032285447, "Precision": 0.4923460507323649, "Recall": 0.4823569096890672, "sk_micro": 0.7159056083358872, "sk_macro": 0.46402378600791017, "hamming_loss": 0.015997100849037067, "hamming_score": 0.6867904968986973, "exact_match_ratio": 0.4430523917995444, "hf1": 0.7833872171101716}