{"Micro-F1": 0.6984720922980979, "Macro-F1": 0.46108986560668025, "Precision": 0.5113713428856056, "Recall": 0.47818407420566617, "sk_micro": 0.6984720922980979, "sk_macro": 0.4610898656066802, "hamming_loss": 0.01668737488783047, "hamming_score": 0.659189889457543, "exact_match_ratio": 0.40660592255125283, "hf1": 0.7952813959203735}