{"Micro-F1": 0.702430846605197, "Macro-F1": 0.49430750303456067, "Precision": 0.5283534086622026, "Recall": 0.5335967742170633, "sk_micro": 0.702430846605197, "sk_macro": 0.49430750303456056, "hamming_loss": 0.0183785462828743, "hamming_score": 0.6303829870458575, "exact_match_ratio": 0.3041002277904328, "hf1": 0.7997097242380261}