{"Micro-F1": 0.7111496244945118, "Macro-F1": 0.4635339439850443, "Precision": 0.49453772524474454, "Recall": 0.5015100095489196, "sk_micro": 0.7118155619596542, "sk_macro": 0.4716622175610286, "hamming_loss": 0.017256850969835025, "hamming_score": 0.6501650494532041, "exact_match_ratio": 0.35193621867881547, "hf1": 0.7958732498157701}