{"Micro-F1": 0.7125748502994012, "Macro-F1": 0.483065158982749, "Precision": 0.5607323828152085, "Recall": 0.5036324775194962, "sk_micro": 0.7125748502994012, "sk_macro": 0.48306515898274893, "hamming_loss": 0.016566576931041622, "hamming_score": 0.6676832184520114, "exact_match_ratio": 0.4020501138952164, "hf1": 0.8020679468242244}