{"Micro-F1": 0.8642659596623633, "Macro-F1": 0.8387528920112364, "Precision": 0.8505489669549275, "Recall": 0.8658252156338544, "sk_micro": 0.8642659596623633, "sk_macro": 0.8387528920112364}