{"Micro-F1": 0.6161948650427913, "Macro-F1": 0.5926964469149567, "Precision": 0.6279423968752732, "Recall": 0.6149045811871381, "sk_micro": 0.6161948650427913, "sk_macro": 0.5926964469149566, "hamming_loss": 0.020121488230827638, "hamming_score": 0.5840000230091338, "exact_match_ratio": 0.4168564920273349, "hf1": 0.7680376028202116}