{"Micro-F1": 0.6136108206939453, "Macro-F1": 0.5776057535742338, "Precision": 0.6123909031847764, "Recall": 0.606170943191682, "sk_micro": 0.6136780796594242, "sk_macro": 0.5776176371155289, "hamming_loss": 0.020242286187616487, "hamming_score": 0.5831117608452452, "exact_match_ratio": 0.41495823842065294, "hf1": 0.7664236853906335}