{"Micro-F1": 0.6124464932499177, "Macro-F1": 0.5774529546790695, "Precision": 0.6120856819647112, "Recall": 0.6084068714293903, "sk_micro": 0.6124464932499177, "sk_macro": 0.5774529546790695, "hamming_loss": 0.020311313591495826, "hamming_score": 0.5828755337297471, "exact_match_ratio": 0.4145785876993166, "hf1": 0.7676056338028169}