{"Micro-F1": 0.6121911037891269, "Macro-F1": 0.5626678591286751, "Precision": 0.5971446307143451, "Recall": 0.5952013769585175, "sk_micro": 0.6123928806855636, "sk_macro": 0.5627035097525608, "hamming_loss": 0.02029405674052599, "hamming_score": 0.5824597257968548, "exact_match_ratio": 0.4134396355353075, "hf1": 0.763627819548872}