{"Micro-F1": 0.7136553971982943, "Macro-F1": 0.6438013219330427, "Precision": 0.6991423381309939, "Recall": 0.6703953174330995, "sk_micro": 0.7136553971982943, "sk_macro": 0.6438013219330427}