{"Micro-F1": 0.5965277777777778, "Macro-F1": 0.5398965253416457, "Precision": 0.6041157086854394, "Recall": 0.5493997302808976, "sk_micro": 0.5965277777777778, "sk_macro": 0.5398965253416457, "hamming_loss": 0.0200524608269483, "hamming_score": 0.568165424173396, "exact_match_ratio": 0.41002277904328016, "hf1": 0.7918733758563666}