{"Micro-F1": 0.6027681660899654, "Macro-F1": 0.5420731761151888, "Precision": 0.6162079878645303, "Recall": 0.5524439629373427, "sk_micro": 0.6027681660899654, "sk_macro": 0.5420731761151888, "hamming_loss": 0.01981086491337061, "hamming_score": 0.5756377639065557, "exact_match_ratio": 0.4134396355353075, "hf1": 0.7949020533396272}