{"Micro-F1": 0.59500693481276, "Macro-F1": 0.5344892212528244, "Precision": 0.6022707974607693, "Recall": 0.545345113690164, "sk_micro": 0.59500693481276, "sk_macro": 0.5344892212528243, "hamming_loss": 0.020156001932767308, "hamming_score": 0.5669546095514196, "exact_match_ratio": 0.40774487471526194, "hf1": 0.7876210725253956}