{"Micro-F1": 0.5981009595601677, "Macro-F1": 0.5388196409032195, "Precision": 0.6075314980035796, "Recall": 0.5490629356361348, "sk_micro": 0.5981009595601677, "sk_macro": 0.5388196409032195, "hamming_loss": 0.020006442557695406, "hamming_score": 0.5702525992104571, "exact_match_ratio": 0.4104024297646165, "hf1": 0.7914655005737964}