{"Micro-F1": 0.6807140154438343, "Macro-F1": 0.5900224826713669, "Precision": 0.6403960842313596, "Recall": 0.605972702452486, "sk_micro": 0.6807140154438343, "sk_macro": 0.5900224826713669, "hamming_loss": 0.016647108902234184, "hamming_score": 0.6429995529653841, "exact_match_ratio": 0.4616552771450266, "hf1": 0.8052521400172266}