{"Micro-F1": 0.684976836532098, "Macro-F1": 0.6033816694153413, "Precision": 0.6557780798678219, "Recall": 0.6164824786950492, "sk_micro": 0.684976836532098, "sk_macro": 0.6033816694153413, "hamming_loss": 0.016428522123282944, "hamming_score": 0.6483069796566376, "exact_match_ratio": 0.46697038724373574, "hf1": 0.8069673109043187}