{"Micro-F1": 0.6792328042328042, "Macro-F1": 0.5853845693086891, "Precision": 0.6387390497723778, "Recall": 0.6012203395433274, "sk_micro": 0.6792328042328042, "sk_macro": 0.5853845693086891, "hamming_loss": 0.016739145440739973, "hamming_score": 0.6399750022187377, "exact_match_ratio": 0.45785876993166286, "hf1": 0.8043945545736805}