{"Micro-F1": 0.6779324055666004, "Macro-F1": 0.5813012092900702, "Precision": 0.6266711230538792, "Recall": 0.6002152891190815, "sk_micro": 0.6779324055666004, "sk_macro": 0.5813012092900703, "hamming_loss": 0.016773659142679642, "hamming_score": 0.640716677020777, "exact_match_ratio": 0.4601366742596811, "hf1": 0.8043945545736805}