{"Micro-F1": 0.6618460452267046, "Macro-F1": 0.5791758026536146, "Precision": 0.622278441523229, "Recall": 0.590054451432071, "sk_micro": 0.6618460452267046, "sk_macro": 0.5791758026536146, "hamming_loss": 0.018039161547134214, "hamming_score": 0.6240190839279675, "exact_match_ratio": 0.4271070615034169, "hf1": 0.7893039822717934}