{"Micro-F1": 0.6584495621148232, "Macro-F1": 0.578759699984064, "Precision": 0.6224047534081726, "Recall": 0.5875111920507883, "sk_micro": 0.6584495621148232, "sk_macro": 0.578759699984064, "hamming_loss": 0.018171464071236283, "hamming_score": 0.6219519186204834, "exact_match_ratio": 0.42596810933940776, "hf1": 0.7892249527410207}