{"Micro-F1": 0.6630083925112976, "Macro-F1": 0.5782626659080067, "Precision": 0.6223576456297758, "Recall": 0.589241279990298, "sk_micro": 0.6630083925112976, "sk_macro": 0.5782626659080066, "hamming_loss": 0.018016152412507765, "hamming_score": 0.6248721475942429, "exact_match_ratio": 0.428246013667426, "hf1": 0.7892630091829527}