{"Micro-F1": 0.6640801810539929, "Macro-F1": 0.5805050420687731, "Precision": 0.6220729255317385, "Recall": 0.5934108822551266, "sk_micro": 0.6640801810539929, "sk_macro": 0.5805050420687732, "hamming_loss": 0.01792986815765859, "hamming_score": 0.6252331855691761, "exact_match_ratio": 0.4271070615034169, "hf1": 0.7894239848914071}