{"Micro-F1": 0.8178137651821862, "Macro-F1": 0.8483988484633646, "Precision": 0.8261739130434783, "Recall": 0.8958197767145135, "sk_micro": 0.8145454545454546, "sk_macro": 0.8459879037422462}