{"Micro-F1": 0.7654320987654321, "Macro-F1": 0.6822308802308803, "Precision": 0.7139047619047619, "Recall": 0.6857894736842107, "sk_micro": 0.7692307692307693, "sk_macro": 0.6944527694527695, "hamming_loss": 0.020488856937455068, "hamming_score": 0.7476635514018691, "exact_match_ratio": 0.6635514018691588}