{"Micro-F1": 0.7755102040816326, "Macro-F1": 0.7222308802308802, "Precision": 0.753904761904762, "Recall": 0.7257894736842105, "sk_micro": 0.7692307692307693, "sk_macro": 0.6944527694527695, "hamming_loss": 0.020488856937455068, "hamming_score": 0.7476635514018691, "exact_match_ratio": 0.6635514018691588}