{"Micro-F1": 0.7627118644067796, "Macro-F1": 0.6793650793650794, "Precision": 0.7325567765567764, "Recall": 0.6757894736842105, "sk_micro": 0.7704918032786885, "sk_macro": 0.6916971916971917, "hamming_loss": 0.020129403306973402, "hamming_score": 0.7453271028037384, "exact_match_ratio": 0.6635514018691588}