{"Micro-F1": 0.7344262295081967, "Macro-F1": 0.7573510576904242, "Precision": 0.7059801309801308, "Recall": 0.9048245614035088, "sk_micro": 0.7344262295081967, "sk_macro": 0.7573510576904242, "hamming_loss": 0.029115744069015098, "hamming_score": 0.7249666221628839, "exact_match_ratio": 0.5607476635514018, "hf1": 0.7225806451612904}