{"Micro-F1": 0.84251968503937, "Macro-F1": 0.8411699411699413, "Precision": 0.81395670995671, "Recall": 0.8997448165869218, "sk_micro": 0.8473282442748091, "sk_macro": 0.847278789586482, "hamming_loss": 0.014378145219266714, "hamming_score": 0.8271028037383178, "exact_match_ratio": 0.7476635514018691}