{"Micro-F1": 0.8482490272373541, "Macro-F1": 0.8447254967254968, "Precision": 0.8192900432900434, "Recall": 0.8997448165869217, "sk_micro": 0.8505747126436781, "sk_macro": 0.8506975930052854, "hamming_loss": 0.014018691588785047, "hamming_score": 0.8317757009345794, "exact_match_ratio": 0.7570093457943925}