{"Micro-F1": 0.7775017253278124, "Macro-F1": 0.8278154623154624, "Precision": 0.8080423280423279, "Recall": 0.912701754385965, "sk_micro": 0.7672514619883041, "sk_macro": 0.8045234146195684, "hamming_loss": 0.023843757488617296, "hamming_score": 0.7406542056074765, "exact_match_ratio": 0.5825545171339562}