{"Micro-F1": 0.8493038564731937, "Macro-F1": 0.8473286713286714, "Precision": 0.8235122655122655, "Recall": 0.9004465709728867, "sk_micro": 0.8520468349370692, "sk_macro": 0.8517761440838365, "hamming_loss": 0.013898873711957823, "hamming_score": 0.8333333333333334, "exact_match_ratio": 0.7570093457943926}