{"Micro-F1": 0.8118081180811808, "Macro-F1": 0.8398274198919361, "Precision": 0.8136739130434782, "Recall": 0.8924864433811804, "sk_micro": 0.8145454545454546, "sk_macro": 0.8459879037422462}