{"Micro-F1": 0.7785714285714286, "Macro-F1": 0.8365030525030526, "Precision": 0.8228677248677247, "Recall": 0.9160350877192984, "sk_micro": 0.7649122807017544, "sk_macro": 0.804329858176012, "hamming_loss": 0.024083393242271746, "hamming_score": 0.7375389408099687, "exact_match_ratio": 0.5794392523364486}