{"Micro-F1": 0.7649122807017544, "Macro-F1": 0.8008810541395106, "Precision": 0.7841727716727717, "Recall": 0.9024966261808367, "sk_micro": 0.7649122807017544, "sk_macro": 0.8008810541395105, "hamming_loss": 0.024083393242271746, "hamming_score": 0.7468847352024922, "exact_match_ratio": 0.6074766355140186, "hf1": 0.7622377622377622}