{"Micro-F1": 0.7753623188405797, "Macro-F1": 0.8104402819402822, "Precision": 0.7783915343915343, "Recall": 0.9060350877192982, "sk_micro": 0.7719298245614035, "sk_macro": 0.8049105275066814, "hamming_loss": 0.02336448598130841, "hamming_score": 0.7468847352024921, "exact_match_ratio": 0.5887850467289719}