{"Micro-F1": 0.7649122807017544, "Macro-F1": 0.806375559634016, "Precision": 0.7937881562881564, "Recall": 0.9024966261808368, "sk_micro": 0.7649122807017544, "sk_macro": 0.806375559634016, "hamming_loss": 0.024083393242271746, "hamming_score": 0.7468847352024922, "exact_match_ratio": 0.6074766355140186}