{"Micro-F1": 0.8145161290322581, "Macro-F1": 0.8478343323343323, "Precision": 0.8256666666666668, "Recall": 0.8958197767145135, "sk_micro": 0.8115942028985508, "sk_macro": 0.8454450997720229}