{"Micro-F1": 0.7672514619883041, "Macro-F1": 0.8053593630324468, "Precision": 0.791043896190955, "Recall": 0.9031713900134953, "sk_micro": 0.7672514619883041, "sk_macro": 0.8053593630324468, "hamming_loss": 0.023843757488617303, "hamming_score": 0.75, "exact_match_ratio": 0.6105919003115264, "hf1": 0.2540792540792541}