{"Micro-F1": 0.7719298245614035, "Macro-F1": 0.8088214753238137, "Precision": 0.7951707606119371, "Recall": 0.9045209176788125, "sk_micro": 0.7719298245614035, "sk_macro": 0.8088214753238139, "hamming_loss": 0.02336448598130841, "hamming_score": 0.7562305295950156, "exact_match_ratio": 0.616822429906542}