{"Micro-F1": 0.7563636363636363, "Macro-F1": 0.7986305820193766, "Precision": 0.7855396825396825, "Recall": 0.8985964912280703, "sk_micro": 0.7649122807017544, "sk_macro": 0.806375559634016, "hamming_loss": 0.024083393242271746, "hamming_score": 0.7468847352024922, "exact_match_ratio": 0.6074766355140186}