{"Micro-F1": 0.7653588175412295, "Macro-F1": 0.68394227994228, "Precision": 0.7245665445665445, "Recall": 0.6824561403508772, "sk_micro": 0.769651113913409, "sk_macro": 0.6935342435342435, "hamming_loss": 0.020369039060627845, "hamming_score": 0.7468847352024922, "exact_match_ratio": 0.6635514018691588}