{"Micro-F1": 0.8156619718309859, "Macro-F1": 0.861897050318103, "Precision": 0.826952380952381, "Recall": 0.94, "sk_micro": 0.8333333333333334, "sk_macro": 0.8672087022289451, "hamming_loss": 0.017253774263120056, "hamming_score": 0.8216510903426789, "exact_match_ratio": 0.6728971962616822}