{"Micro-F1": 0.6732673267326733, "Macro-F1": 0.6221276497899217, "Precision": 0.5447052538964303, "Recall": 0.777858544963808, "sk_micro": 0.6822742474916388, "sk_macro": 0.6258572535195254, "hamming_loss": 0.03414809489575845, "hamming_score": 0.7199856218547807, "exact_match_ratio": 0.5981308411214953}