{"Micro-F1": 0.8571428571428571, "Macro-F1": 0.8560905760905761, "Precision": 0.8372900432900433, "Recall": 0.9018500797448167, "sk_micro": 0.8582375478927203, "sk_macro": 0.857352049659742, "hamming_loss": 0.013299784327821711, "hamming_score": 0.8411214953271028, "exact_match_ratio": 0.7663551401869159}