{"Micro-F1": 0.8131868131868132, "Macro-F1": 0.8178880049325394, "Precision": 0.7858433233433234, "Recall": 0.891784750337382, "sk_micro": 0.8222222222222222, "sk_macro": 0.8277781148226493, "hamming_loss": 0.017253774263120056, "hamming_score": 0.8115264797507786, "exact_match_ratio": 0.719626168224299}