{"Micro-F1": 0.8676021964612569, "Macro-F1": 0.8420946584266724, "Precision": 0.852140129393652, "Recall": 0.8639211102666843, "sk_micro": 0.8676021964612569, "sk_macro": 0.8420946584266729}