{"Micro-F1": 0.8676021964612569, "Macro-F1": 0.842594781794061, "Precision": 0.8513804811697493, "Recall": 0.864660875204441, "sk_micro": 0.8676021964612569, "sk_macro": 0.8425947817940614}