{"Micro-F1": 0.8682926829268293, "Macro-F1": 0.8420530857025719, "Precision": 0.8507274349008217, "Recall": 0.8640140395596139, "sk_micro": 0.8682926829268293, "sk_macro": 0.8420530857025722}