{"Micro-F1": 0.8678323586164477, "Macro-F1": 0.8422475086411018, "Precision": 0.851416015154741, "Recall": 0.8641986750102464, "sk_micro": 0.8678323586164477, "sk_macro": 0.8422475086411021}