{"Micro-F1": 0.6292749115247909, "Macro-F1": 0.5071798094385368, "Precision": 0.523703524396523, "Recall": 0.5445719214764609, "sk_micro": 0.6292749115247909, "sk_macro": 0.5071798094385368, "hamming_loss": 0.021105128736108234, "hamming_score": 0.582186450181894, "exact_match_ratio": 0.3701594533029613, "hf1": 0.7389528868459108}