{"Micro-F1": 0.6265938069216758, "Macro-F1": 0.5035387562680329, "Precision": 0.519632540869562, "Recall": 0.5390221609355914, "sk_micro": 0.6265938069216758, "sk_macro": 0.5035387562680329, "hamming_loss": 0.02122592669289708, "hamming_score": 0.5780856197712685, "exact_match_ratio": 0.3678815489749431, "hf1": 0.7361563517915309}