{"Micro-F1": 0.6330413772274237, "Macro-F1": 0.5112900466832423, "Precision": 0.5264387170374031, "Recall": 0.5490682037343853, "sk_micro": 0.6330413772274237, "sk_macro": 0.5112900466832423, "hamming_loss": 0.020967073928349556, "hamming_score": 0.5869034597394502, "exact_match_ratio": 0.37471526195899774, "hf1": 0.7426846261031118}