{"Micro-F1": 0.6281895504252734, "Macro-F1": 0.5067106253643349, "Precision": 0.525039315282604, "Recall": 0.545625399759406, "sk_micro": 0.6281895504252734, "sk_macro": 0.5067106253643349, "hamming_loss": 0.02112238558707807, "hamming_score": 0.5815702710349632, "exact_match_ratio": 0.3678815489749431, "hf1": 0.7380176826430898}