{"Micro-F1": 0.6139088729016786, "Macro-F1": 0.5257493185186567, "Precision": 0.597140167442841, "Recall": 0.5300431153147107, "sk_micro": 0.6139088729016786, "sk_macro": 0.5257493185186565, "hamming_loss": 0.01944847104300407, "hamming_score": 0.5939599788973358, "exact_match_ratio": 0.4396355353075171, "hf1": 0.7850155094249582}