{"Micro-F1": 0.6121566845893803, "Macro-F1": 0.524451360841088, "Precision": 0.5944739006385188, "Recall": 0.5293300943416334, "sk_micro": 0.6121566845893803, "sk_macro": 0.524451360841088, "hamming_loss": 0.019563516716136306, "hamming_score": 0.5918199239383742, "exact_match_ratio": 0.4381169324221716, "hf1": 0.783305290684234}