{"Micro-F1": 0.6098562628336756, "Macro-F1": 0.5227875963421241, "Precision": 0.5912337396961743, "Recall": 0.5280571772428376, "sk_micro": 0.6098562628336756, "sk_macro": 0.5227875963421242, "hamming_loss": 0.019672810105611928, "hamming_score": 0.5895126418759669, "exact_match_ratio": 0.43735763097949887, "hf1": 0.7801384578658391}