{"Micro-F1": 0.6127049180327869, "Macro-F1": 0.5248171676624833, "Precision": 0.595047794776541, "Recall": 0.5298899904673516, "sk_micro": 0.6127049180327869, "sk_macro": 0.5248171676624833, "hamming_loss": 0.01956926899979292, "hamming_score": 0.59198715104182, "exact_match_ratio": 0.43735763097949887, "hf1": 0.7847619047619047}