{"Micro-F1": 0.6426351771286514, "Macro-F1": 0.5711577065641626, "Precision": 0.616826270027857, "Recall": 0.5747598629053401, "sk_micro": 0.6274271844660194, "sk_macro": 0.5599585358472182}