{"Micro-F1": 0.6897832817337461, "Macro-F1": 0.6378951659945097, "Precision": 0.6950008550505753, "Recall": 0.6495721414074253, "sk_micro": 0.6897832817337461, "sk_macro": 0.6378951659945096}