{"Micro-F1": 0.673581452104942, "Macro-F1": 0.6398125368087435, "Precision": 0.6690994180533361, "Recall": 0.682106563287671, "sk_micro": 0.6699029126213593, "sk_macro": 0.6272671929497485}