{"Micro-F1": 0.6849602632304631, "Macro-F1": 0.6281171952307082, "Precision": 0.6735315235229699, "Recall": 0.6713671897663938, "sk_micro": 0.6849602632304631, "sk_macro": 0.6281171952307081}