{"Micro-F1": 0.6395136778115501, "Macro-F1": 0.587023448786487, "Precision": 0.649425475689608, "Recall": 0.6207604956370948, "sk_micro": 0.6395136778115501, "sk_macro": 0.587023448786487}