{"Micro-F1": 0.7165450121654501, "Macro-F1": 0.6593097213616119, "Precision": 0.6931061506412094, "Recall": 0.6932941095713009, "sk_micro": 0.7165450121654501, "sk_macro": 0.6593097213616116}