{"Micro-F1": 0.6737182777451234, "Macro-F1": 0.639654668058309, "Precision": 0.668228849938679, "Recall": 0.6824086647621863, "sk_micro": 0.6699029126213593, "sk_macro": 0.6271124196650087}