{"Micro-F1": 0.7037334297962717, "Macro-F1": 0.6637051340459706, "Precision": 0.7014540769954571, "Recall": 0.6887824853450182, "sk_micro": 0.7037334297962717, "sk_macro": 0.6637051340459706}