{"Micro-F1": 0.6475716064757161, "Macro-F1": 0.5734275959680541, "Precision": 0.6187687158615676, "Recall": 0.5764833718211017, "sk_micro": 0.6310679611650486, "sk_macro": 0.5621839176157393}