{"Micro-F1": 0.6882245271507016, "Macro-F1": 0.6325347469472862, "Precision": 0.6810036813512133, "Recall": 0.6737149982797193, "sk_micro": 0.6882245271507016, "sk_macro": 0.6325347469472861}