{"Micro-F1": 0.7177615571776156, "Macro-F1": 0.6637921052674539, "Precision": 0.7029911955360355, "Recall": 0.6948952309563097, "sk_micro": 0.7177615571776156, "sk_macro": 0.6637921052674538}