{"Micro-F1": 0.6381940207443563, "Macro-F1": 0.5706401676826713, "Precision": 0.6257122401855177, "Recall": 0.5978214319328846, "sk_micro": 0.6381940207443563, "sk_macro": 0.5706401676826711}