{"Micro-F1": 0.7258358662613982, "Macro-F1": 0.6721987159462252, "Precision": 0.7068362359141269, "Recall": 0.7019496000952699, "sk_micro": 0.7258358662613982, "sk_macro": 0.672198715946225}