{"Micro-F1": 0.6874236874236874, "Macro-F1": 0.6468209028871327, "Precision": 0.6577415381273838, "Recall": 0.6946707437807761, "sk_micro": 0.6874236874236874, "sk_macro": 0.6468209028871327}