{"Micro-F1": 0.6829268292682927, "Macro-F1": 0.6250290790069647, "Precision": 0.6664543796102119, "Recall": 0.6696932855097308, "sk_micro": 0.6829268292682927, "sk_macro": 0.6250290790069647}