{"Micro-F1": 0.6863305722366125, "Macro-F1": 0.6441981592355641, "Precision": 0.6566000007431992, "Recall": 0.6923196661144809, "sk_micro": 0.6863305722366125, "sk_macro": 0.6441981592355641}