{"Micro-F1": 0.6892146812353704, "Macro-F1": 0.6366305349620324, "Precision": 0.6909925203209323, "Recall": 0.6466507738860576, "sk_micro": 0.6892146812353704, "sk_macro": 0.6366305349620323}