{"Micro-F1": 0.673581452104942, "Macro-F1": 0.6394565081509666, "Precision": 0.6684854498924991, "Recall": 0.682106563287671, "sk_micro": 0.6699029126213593, "sk_macro": 0.6269181452460455}