{"Micro-F1": 0.6870042708968883, "Macro-F1": 0.6456752632292445, "Precision": 0.6577476431334888, "Recall": 0.6943011785633848, "sk_micro": 0.6870042708968883, "sk_macro": 0.6456752632292444}