{"Micro-F1": 0.6428126410611269, "Macro-F1": 0.5779939425962056, "Precision": 0.6296810239658499, "Recall": 0.6046081549073039, "sk_micro": 0.6428126410611269, "sk_macro": 0.5779939425962056}