{"Micro-F1": 0.6845637583892618, "Macro-F1": 0.6400983115903154, "Precision": 0.6543108209687253, "Recall": 0.6879870759992822, "sk_micro": 0.6845637583892618, "sk_macro": 0.6400983115903154}