{"Micro-F1": 0.6395136778115501, "Macro-F1": 0.5878229064620103, "Precision": 0.6482825635326697, "Recall": 0.6227666473800886, "sk_micro": 0.6395136778115501, "sk_macro": 0.5878229064620102}