{"Micro-F1": 0.7019464720194647, "Macro-F1": 0.6655621817484194, "Precision": 0.7018293625413926, "Recall": 0.6950184416825875, "sk_micro": 0.7019464720194647, "sk_macro": 0.6655621817484192}