{"Micro-F1": 0.707242848447961, "Macro-F1": 0.6725245416079818, "Precision": 0.7105040700453273, "Recall": 0.6977531584151302, "sk_micro": 0.707242848447961, "sk_macro": 0.6725245416079818}