{"Micro-F1": 0.6837294332723949, "Macro-F1": 0.6267877597378738, "Precision": 0.6731365096074843, "Recall": 0.6706932855097308, "sk_micro": 0.6837294332723949, "sk_macro": 0.6267877597378737}