{"Micro-F1": 0.643161094224924, "Macro-F1": 0.5919857649444702, "Precision": 0.6553697242921408, "Recall": 0.6254262965028956, "sk_micro": 0.643161094224924, "sk_macro": 0.5919857649444701}