{"Micro-F1": 0.688504326328801, "Macro-F1": 0.6350616678344178, "Precision": 0.685041160658414, "Recall": 0.6406413721766557, "sk_micro": 0.688504326328801, "sk_macro": 0.6350616678344175}