{"Micro-F1": 0.6487804878048781, "Macro-F1": 0.5815363807060417, "Precision": 0.6295074520482263, "Recall": 0.6100567189985905, "sk_micro": 0.6487804878048781, "sk_macro": 0.5815363807060417}