{"Micro-F1": 0.6727716727716728, "Macro-F1": 0.6388771538321941, "Precision": 0.6673732391417593, "Recall": 0.6811946858930349, "sk_micro": 0.6686893203883495, "sk_macro": 0.6263501508158764}