{"Micro-F1": 0.7200474785348212, "Macro-F1": 0.6651001808584304, "Precision": 0.7009778606971239, "Recall": 0.6967129802076268, "sk_micro": 0.7200474785348212, "sk_macro": 0.6651001808584301}