{"Micro-F1": 0.6407294832826748, "Macro-F1": 0.5889440400643225, "Precision": 0.6510259211714727, "Recall": 0.6229844798400263, "sk_micro": 0.6407294832826748, "sk_macro": 0.5889440400643225}