{"Micro-F1": 0.6475716064757161, "Macro-F1": 0.5748678812129261, "Precision": 0.6228272305331859, "Recall": 0.577262407350775, "sk_micro": 0.6310679611650486, "sk_macro": 0.5635959619734568}