{"Micro-F1": 0.6414634146341464, "Macro-F1": 0.581805279399904, "Precision": 0.6338233796638059, "Recall": 0.6059463137904366, "sk_micro": 0.6414634146341464, "sk_macro": 0.581805279399904}