{"Micro-F1": 0.6893564356435643, "Macro-F1": 0.6369347710571698, "Precision": 0.6929355452538075, "Recall": 0.6497388080740919, "sk_micro": 0.6893564356435643, "sk_macro": 0.6369347710571697}