{"Micro-F1": 0.7020109689213894, "Macro-F1": 0.6530286787815107, "Precision": 0.6920287983996516, "Recall": 0.6735758559373369, "sk_micro": 0.7020109689213894, "sk_macro": 0.6530286787815107}