{"Micro-F1": 0.6748017083587553, "Macro-F1": 0.6406303421917662, "Precision": 0.6688278607817787, "Recall": 0.6839247451058528, "sk_micro": 0.6711165048543689, "sk_macro": 0.6280689629331042}