{"Micro-F1": 0.7985347985347986, "Macro-F1": 0.7345032076260624, "Precision": 0.7545363139993575, "Recall": 0.7783486108925542, "sk_micro": 0.7985347985347986, "sk_macro": 0.7345032076260624}