{"Micro-F1": 0.8014751075599262, "Macro-F1": 0.7353526434483768, "Precision": 0.7653488077904487, "Recall": 0.7656979723423654, "sk_micro": 0.8014751075599262, "sk_macro": 0.7353526434483768}