{"Micro-F1": 0.799513406134453, "Macro-F1": 0.731401953553418, "Precision": 0.7551263627917787, "Recall": 0.7685904377561213, "sk_micro": 0.799513406134453, "sk_macro": 0.7314019535534181}