{"Micro-F1": 0.7985303123086344, "Macro-F1": 0.7243500095858149, "Precision": 0.7454939665855299, "Recall": 0.7617247300334447, "sk_micro": 0.7985303123086344, "sk_macro": 0.7243500095858153}