{"Micro-F1": 0.6278787878787879, "Macro-F1": 0.5462035252463023, "Precision": 0.5755734476524079, "Recall": 0.5992410968768722, "sk_micro": 0.6286407766990292, "sk_macro": 0.5465787949714174, "hamming_loss": 0.02112238558707807, "hamming_score": 0.5798203315287591, "exact_match_ratio": 0.38724373576309795, "hf1": 0.7429864253393665}