{"Micro-F1": 0.6281895504252734, "Macro-F1": 0.5464597622551005, "Precision": 0.5746997758416872, "Recall": 0.601007835466389, "sk_micro": 0.6289537712895377, "sk_macro": 0.5468568535612829, "hamming_loss": 0.021053358183198728, "hamming_score": 0.580848100267234, "exact_match_ratio": 0.38724373576309795, "hf1": 0.7417158420335904}