{"Micro-F1": 0.6294080819113416, "Macro-F1": 0.5480444551700195, "Precision": 0.5737630564228969, "Recall": 0.6008514429349946, "sk_micro": 0.6301737924189532, "sk_macro": 0.5484342726158462, "hamming_loss": 0.020984330779319393, "hamming_score": 0.5822390846308835, "exact_match_ratio": 0.38838268792710706, "hf1": 0.7429274710308157}