{"Micro-F1": 0.6321559074299634, "Macro-F1": 0.551470078008656, "Precision": 0.5710159457745956, "Recall": 0.6023053964617227, "sk_micro": 0.6329268292682927, "sk_macro": 0.5518671693148384, "hamming_loss": 0.02077724856768137, "hamming_score": 0.5860488220966574, "exact_match_ratio": 0.3906605922551253, "hf1": 0.7440801457194899}