{"Micro-F1": 0.6443228454172366, "Macro-F1": 0.5405972985266969, "Precision": 0.5976373070505372, "Recall": 0.5501240825388259, "sk_micro": 0.6443228454172366, "sk_macro": 0.540597298526697, "hamming_loss": 0.017947125008628426, "hamming_score": 0.6121086392726479, "exact_match_ratio": 0.4168564920273349, "hf1": 0.8087668593448941}