{"Micro-F1": 0.912, "Macro-F1": 0.8868072098841331, "Precision": 0.8938644688644689, "Recall": 0.8958333333333333, "sk_micro": 0.912, "sk_macro": 0.8868072098841331, "hamming_loss": 0.007907979870596693, "hamming_score": 0.897196261682243, "exact_match_ratio": 0.8691588785046729, "hf1": 0.9083665338645418}