{"Micro-F1": 0.7801418439716312, "Macro-F1": 0.7989012879012879, "Precision": 0.7706675324675325, "Recall": 0.8886842105263157, "sk_micro": 0.7713310580204779, "sk_macro": 0.789153336268721, "hamming_loss": 0.024083393242271746, "hamming_score": 0.7422118380062305, "exact_match_ratio": 0.5794392523364486}