{"Micro-F1": 0.8015267175572519, "Macro-F1": 0.8399636914809328, "Precision": 0.8217619047619048, "Recall": 0.8893668261562999, "sk_micro": 0.8074074074074075, "sk_macro": 0.8461189341162817, "hamming_loss": 0.018691588785046728, "hamming_score": 0.7920560747663551, "exact_match_ratio": 0.6635514018691588}