{"Micro-F1": 0.7571428571428571, "Macro-F1": 0.7721483019904073, "Precision": 0.7692424115845167, "Recall": 0.8418054226475279, "sk_micro": 0.7412587412587412, "sk_macro": 0.7424502903753917, "hamming_loss": 0.026599568655643422, "hamming_score": 0.7102803738317757, "exact_match_ratio": 0.514018691588785}