{"Micro-F1": 0.7781569965870307, "Macro-F1": 0.7980534160739731, "Precision": 0.7657515686927453, "Recall": 0.8929655870445343, "sk_micro": 0.7781569965870307, "sk_macro": 0.7980534160739732, "hamming_loss": 0.02336448598130841, "hamming_score": 0.7499999999999999, "exact_match_ratio": 0.5887850467289719}