{"Micro-F1": 0.769811320754717, "Macro-F1": 0.7463837959859181, "Precision": 0.7606837606837605, "Recall": 0.7877039627039626, "sk_micro": 0.7756653992395437, "sk_macro": 0.7492975488996709, "hamming_loss": 0.021207764198418404, "hamming_score": 0.7507788161993769, "exact_match_ratio": 0.5981308411214953}