{"Micro-F1": 0.7379310344827587, "Macro-F1": 0.7690744100129341, "Precision": 0.7741529304029304, "Recall": 0.8512559808612441, "sk_micro": 0.7379310344827587, "sk_macro": 0.7690744100129339, "hamming_loss": 0.027318475916606758, "hamming_score": 0.7001557632398753, "exact_match_ratio": 0.4953271028037383, "hf1": 0.7353951890034364}