{"Micro-F1": 0.8045112781954887, "Macro-F1": 0.84188788988789, "Precision": 0.8102834054834055, "Recall": 0.92, "sk_micro": 0.8194444444444444, "sk_macro": 0.8479691248922019, "hamming_loss": 0.018691588785046728, "hamming_score": 0.794392523364486, "exact_match_ratio": 0.6355140186915887}