{"Micro-F1": 0.7619047619047619, "Macro-F1": 0.7746069851839084, "Precision": 0.7468456543456542, "Recall": 0.8737348178137652, "sk_micro": 0.7619047619047619, "sk_macro": 0.7746069851839084, "hamming_loss": 0.02516175413371675, "hamming_score": 0.7359813084112148, "exact_match_ratio": 0.5794392523364486, "hf1": 0.7567567567567568}