{"Micro-F1": 0.7551020408163265, "Macro-F1": 0.773767440113594, "Precision": 0.7460631035631036, "Recall": 0.8673245614035088, "sk_micro": 0.7551020408163265, "sk_macro": 0.7737674401135941, "hamming_loss": 0.025880661394680086, "hamming_score": 0.7258566978193145, "exact_match_ratio": 0.5700934579439252}