{"Micro-F1": 0.7773851590106007, "Macro-F1": 0.7605863972285024, "Precision": 0.7176715506715508, "Recall": 0.8557575757575756, "sk_micro": 0.7808219178082192, "sk_macro": 0.7655211084462097, "hamming_loss": 0.023005032350826744, "hamming_score": 0.7609034267912772, "exact_match_ratio": 0.5794392523364486}