{"Micro-F1": 0.7445255474452555, "Macro-F1": 0.7399532156617178, "Precision": 0.754155614500442, "Recall": 0.7840771071034228, "sk_micro": 0.7669172932330827, "sk_macro": 0.7492745723514955, "hamming_loss": 0.02228612508986341, "hamming_score": 0.7414330218068536, "exact_match_ratio": 0.5887850467289719}