{"Micro-F1": 0.9180327868852459, "Macro-F1": 0.9029956933281664, "Precision": 0.9166783912602879, "Recall": 0.9164320846033762, "sk_micro": 0.9180327868852459, "sk_macro": 0.9029956933281666}