{"Micro-F1": 0.8908081431215299, "Macro-F1": 0.8844720935294135, "Precision": 0.8973317185044768, "Recall": 0.9051231166853702, "sk_micro": 0.8883495145631068, "sk_macro": 0.8815974664736399}