{"Micro-F1": 0.8779889638258737, "Macro-F1": 0.848334823394519, "Precision": 0.8612803685270992, "Recall": 0.8657065306885188, "sk_micro": 0.8689320388349514, "sk_macro": 0.8317008072495284}