{"Micro-F1": 0.8998178506375227, "Macro-F1": 0.8852846707657962, "Precision": 0.8927135282101227, "Recall": 0.9068032422119081, "sk_micro": 0.8998178506375227, "sk_macro": 0.8852846707657964}