{"Micro-F1": 0.8456375838926175, "Macro-F1": 0.8244998088488262, "Precision": 0.842743469199227, "Recall": 0.8538322937009677, "sk_micro": 0.8410194174757282, "sk_macro": 0.8083331459302218}