{"Micro-F1": 0.816301703163017, "Macro-F1": 0.7758634932887268, "Precision": 0.7968884624082184, "Recall": 0.7978509695941516, "sk_micro": 0.8143203883495146, "sk_macro": 0.7606504836163989}