{"Micro-F1": 0.8368355995055624, "Macro-F1": 0.7837785786932945, "Precision": 0.804587043931817, "Recall": 0.8083544249064009, "sk_micro": 0.8385922330097088, "sk_macro": 0.7867696737860951}