{"Micro-F1": 0.8068043742405833, "Macro-F1": 0.7777864509262125, "Precision": 0.7864609270611979, "Recall": 0.8034050751874194, "sk_micro": 0.8058252427184466, "sk_macro": 0.7625357362021691}