{"Micro-F1": 0.853836784409257, "Macro-F1": 0.8339880703486077, "Precision": 0.8635079240259205, "Recall": 0.8518284631631619, "sk_micro": 0.8507281553398058, "sk_macro": 0.8176353630868703}