{"Micro-F1": 0.825531914893617, "Macro-F1": 0.8115272970713664, "Precision": 0.8348698818090754, "Recall": 0.8269220863009527, "sk_micro": 0.8240291262135923, "sk_macro": 0.7956149971287906}