{"Micro-F1": 0.81044957472661, "Macro-F1": 0.7792512237483745, "Precision": 0.7917434502896683, "Recall": 0.806066277623895, "sk_micro": 0.8094660194174758, "sk_macro": 0.7639717879886027}