{"Micro-F1": 0.8092345078979344, "Macro-F1": 0.7772871582212559, "Precision": 0.7847944208683687, "Recall": 0.8051034727458464, "sk_micro": 0.808252427184466, "sk_macro": 0.762046233550251}