{"Micro-F1": 0.8706739526411658, "Macro-F1": 0.8509839354023161, "Precision": 0.87135055416036, "Recall": 0.8654063835826071, "sk_micro": 0.8701456310679612, "sk_macro": 0.8342979758846241}