{"Micro-F1": 0.8182370820668693, "Macro-F1": 0.7590625873962186, "Precision": 0.7699730965274445, "Recall": 0.7739012791515866, "sk_micro": 0.816747572815534, "sk_macro": 0.7441790072511947}