{"Micro-F1": 0.8092345078979344, "Macro-F1": 0.777232935894879, "Precision": 0.7860408167163447, "Recall": 0.8050912776238952, "sk_micro": 0.808252427184466, "sk_macro": 0.7619930744067439}