{"Micro-F1": 0.86753342944764, "Macro-F1": 0.8173503050918267, "Precision": 0.8292082454330941, "Recall": 0.8406656968320888, "sk_micro": 0.86753342944764, "sk_macro": 0.8173503050918268}