{"Micro-F1": 0.8670731707317073, "Macro-F1": 0.816966399591642, "Precision": 0.8291646724483447, "Recall": 0.8401323634987553, "sk_micro": 0.8670731707317073, "sk_macro": 0.8169663995916423}