{"Micro-F1": 0.8677635588056063, "Macro-F1": 0.817542257841919, "Precision": 0.8292300319254687, "Recall": 0.8409323634987554, "sk_micro": 0.8677635588056063, "sk_macro": 0.8175422578419191}