{"Micro-F1": 0.850116739103906, "Macro-F1": 0.8191535903427499, "Precision": 0.8328051892205509, "Recall": 0.8450638922901392, "sk_micro": 0.850116739103906, "sk_macro": 0.8191535903427503}