{"Micro-F1": 0.8431970713849909, "Macro-F1": 0.7995257685607581, "Precision": 0.8152926006860394, "Recall": 0.8259202581465052, "sk_micro": 0.8431970713849909, "sk_macro": 0.7995257685607581}