{"Micro-F1": 0.8526187576126675, "Macro-F1": 0.8280310343214409, "Precision": 0.8403926394918281, "Recall": 0.8538920946433416, "sk_micro": 0.8526187576126675, "sk_macro": 0.8280310343214413}