{"Micro-F1": 0.8545343883140597, "Macro-F1": 0.829903968146051, "Precision": 0.8427303274837854, "Recall": 0.855379324080571, "sk_micro": 0.8545343883140597, "sk_macro": 0.8299039681460512}