{"Micro-F1": 0.6016096579476862, "Macro-F1": 0.489691569549098, "Precision": 0.5487547093039564, "Recall": 0.4971466099840485, "sk_micro": 0.6018114726601812, "sk_macro": 0.48974243024204245, "hamming_loss": 0.020483882101194173, "hamming_score": 0.5701513179303608, "exact_match_ratio": 0.3826879271070615, "hf1": 0.7431980906921241}