{"Micro-F1": 0.6084418198147196, "Macro-F1": 0.49152929008915186, "Precision": 0.550627729185711, "Recall": 0.5027653359856104, "sk_micro": 0.6085773837097191, "sk_macro": 0.49156331141246995, "hamming_loss": 0.020184763351050367, "hamming_score": 0.5764851574646558, "exact_match_ratio": 0.3895216400911162, "hf1": 0.7489810322007262}