{"Micro-F1": 0.6105333780610533, "Macro-F1": 0.49898339794263724, "Precision": 0.5606297124745926, "Recall": 0.5095858737569419, "sk_micro": 0.610738255033557, "sk_macro": 0.499034601219647, "hamming_loss": 0.02001794712500863, "hamming_score": 0.5793388653867008, "exact_match_ratio": 0.3940774487471526, "hf1": 0.750059794307582}