{"Micro-F1": 0.6131824234354194, "Macro-F1": 0.4859129027757203, "Precision": 0.5424987657785839, "Recall": 0.5015635242158407, "sk_micro": 0.6131824234354194, "sk_macro": 0.4859129027757203, "hamming_loss": 0.0200524608269483, "hamming_score": 0.5799652890769059, "exact_match_ratio": 0.3917995444191344, "hf1": 0.7536852116024726}