{"Micro-F1": 0.8545232273838631, "Macro-F1": 0.8169949001152922, "Precision": 0.8420902503105107, "Recall": 0.8428268011640013, "sk_micro": 0.8483009708737864, "sk_macro": 0.8009753922698944}