{"Micro-F1": 0.8560979853704365, "Macro-F1": 0.8186223389545627, "Precision": 0.8415064040334593, "Recall": 0.8448167228740572, "sk_micro": 0.8540238998670775, "sk_macro": 0.8132825030060972}