{"Micro-F1": 0.8524390243902439, "Macro-F1": 0.8139656052861324, "Precision": 0.8357999212775529, "Recall": 0.841052547696036, "sk_micro": 0.8524390243902439, "sk_macro": 0.8139656052861329}