{"Micro-F1": 0.8613317043372022, "Macro-F1": 0.8249065114622637, "Precision": 0.8466290405123144, "Recall": 0.8505708197621341, "sk_micro": 0.8613317043372022, "sk_macro": 0.824906511462264}