{"Micro-F1": 0.7108708025042686, "Macro-F1": 0.537881578174164, "Precision": 0.5964876800741642, "Recall": 0.5754142662784246, "sk_micro": 0.7108708025042686, "sk_macro": 0.5378815781741642, "hamming_loss": 0.017532960585352385, "hamming_score": 0.6738513100415143, "exact_match_ratio": 0.4054669703872437, "hf1": 0.7903614457831325}