{"Micro-F1": 0.7227086981903094, "Macro-F1": 0.5726002139917836, "Precision": 0.6103087678052663, "Recall": 0.6262478584594217, "sk_micro": 0.7227086981903094, "sk_macro": 0.5726002139917836, "hamming_loss": 0.016394008421343274, "hamming_score": 0.6871249511055888, "exact_match_ratio": 0.4316628701594533, "hf1": 0.8002922552362396}