{"Micro-F1": 0.7401946328516662, "Macro-F1": 0.5625808193260421, "Precision": 0.5999964343491909, "Recall": 0.6044682321973389, "sk_micro": 0.7403477748305335, "sk_macro": 0.569208382669587, "hamming_loss": 0.015203285704424656, "hamming_score": 0.7026232878738572, "exact_match_ratio": 0.44419134396355353, "hf1": 0.8166342412451362}