{"Micro-F1": 0.7414403778040142, "Macro-F1": 0.5914623647388058, "Precision": 0.6419739417574081, "Recall": 0.6310344828962069, "sk_micro": 0.7442537096304918, "sk_macro": 0.5967246851246434, "hamming_loss": 0.015168772002484987, "hamming_score": 0.7099803764951828, "exact_match_ratio": 0.4601366742596811, "hf1": 0.8208453410182517}