{"Micro-F1": 0.8731707317073171, "Macro-F1": 0.8387411298951752, "Precision": 0.8492564701349724, "Recall": 0.8644173579936824, "sk_micro": 0.8731707317073171, "sk_macro": 0.8387411298951755}