{"Micro-F1": 0.8718988873842369, "Macro-F1": 0.8388645692886958, "Precision": 0.8486898109376316, "Recall": 0.8643499040424049, "sk_micro": 0.8718988873842369, "sk_macro": 0.8388645692886959}