{"Micro-F1": 0.8712629652226968, "Macro-F1": 0.8386730181633462, "Precision": 0.8472569463094419, "Recall": 0.8650203437334326, "sk_micro": 0.8712629652226968, "sk_macro": 0.8386730181633459}