{"Micro-F1": 0.8712629652226968, "Macro-F1": 0.839179559807566, "Precision": 0.8495560163684805, "Recall": 0.8636120104000995, "sk_micro": 0.8712629652226968, "sk_macro": 0.8391795598075662}