{"Micro-F1": 0.6581196581196581, "Macro-F1": 0.5833286464909586, "Precision": 0.6217490842490843, "Recall": 0.601203620940463, "sk_micro": 0.6581196581196581, "sk_macro": 0.5833286464909585, "hamming_loss": 0.02875629043853343, "hamming_score": 0.6401869158878505, "exact_match_ratio": 0.5607476635514018}