{"Micro-F1": 0.5524475524475524, "Macro-F1": 0.5606521432313287, "Precision": 0.5745437322215708, "Recall": 0.5992636749215696, "sk_micro": 0.6294820717131474, "sk_macro": 0.5862200784146485, "hamming_loss": 0.03342918763479511, "hamming_score": 0.6137071651090342, "exact_match_ratio": 0.5046728971962616}