{"Micro-F1": 0.6884057971014492, "Macro-F1": 0.6632878659335535, "Precision": 0.6426434676434675, "Recall": 0.7166528646791804, "sk_micro": 0.7755102040816326, "sk_macro": 0.6855979775999492, "hamming_loss": 0.019769949676491733, "hamming_score": 0.7554517133956388, "exact_match_ratio": 0.6448598130841121}