{"Micro-F1": 0.6614581737594084, "Macro-F1": 0.6232649307265289, "Precision": 0.6635504812326675, "Recall": 0.6436663482716114, "sk_micro": 0.6614581737594084, "sk_macro": 0.6232649307265288, "hamming_loss": 0.03115264797507788, "hamming_score": 0.6490134994807893, "exact_match_ratio": 0.5233644859813084}