{"Micro-F1": 0.6068965517241379, "Macro-F1": 0.550407202392314, "Precision": 0.5198505600679513, "Recall": 0.6578537690379795, "sk_micro": 0.6068965517241379, "sk_macro": 0.5504072023923141, "hamming_loss": 0.040977713874910136, "hamming_score": 0.5478193146417445, "exact_match_ratio": 0.32710280373831774}