{"Micro-F1": 0.5660377358490566, "Macro-F1": 0.5634059937279973, "Precision": 0.5354853479853479, "Recall": 0.672387700019279, "sk_micro": 0.5660377358490566, "sk_macro": 0.5634059937279973, "hamming_loss": 0.04960460100647016, "hamming_score": 0.4840342679127727, "exact_match_ratio": 0.205607476635514}