{"Micro-F1": 0.5618729096989966, "Macro-F1": 0.6027368565167925, "Precision": 0.6363826484863527, "Recall": 0.6407664703717335, "sk_micro": 0.6536964980544747, "sk_macro": 0.619149016684144, "hamming_loss": 0.03199137311286844, "hamming_score": 0.6401869158878505, "exact_match_ratio": 0.514018691588785}