{"Micro-F1": 0.6595883942513582, "Macro-F1": 0.5825795449300046, "Precision": 0.6202130647130647, "Recall": 0.5983926015504962, "sk_micro": 0.6647836347407163, "sk_macro": 0.5871095219511507, "hamming_loss": 0.028157201054397313, "hamming_score": 0.6479750778816199, "exact_match_ratio": 0.5700934579439253}