{"Micro-F1": 0.6781115879828327, "Macro-F1": 0.5946712728715356, "Precision": 0.6265567765567766, "Recall": 0.6087224179329442, "sk_micro": 0.6781115879828327, "sk_macro": 0.5946712728715355, "hamming_loss": 0.02695902228612509, "hamming_score": 0.6635514018691588, "exact_match_ratio": 0.5887850467289719}