{"Micro-F1": 0.5771812080536913, "Macro-F1": 0.6164916359661637, "Precision": 0.6565341124164654, "Recall": 0.6494661040713672, "sk_micro": 0.669260700389105, "sk_macro": 0.6305069398067732, "hamming_loss": 0.03055355859094177, "hamming_score": 0.6557632398753894, "exact_match_ratio": 0.5233644859813084}