{"Micro-F1": 0.6909090909090909, "Macro-F1": 0.6637615302003212, "Precision": 0.643101343101343, "Recall": 0.7166528646791804, "sk_micro": 0.7755102040816326, "sk_macro": 0.6855979775999492, "hamming_loss": 0.019769949676491733, "hamming_score": 0.7554517133956388, "exact_match_ratio": 0.6448598130841121}