{"Micro-F1": 0.5673758865248227, "Macro-F1": 0.5637766375322936, "Precision": 0.5791690147459378, "Recall": 0.6012879664195453, "sk_micro": 0.64, "sk_macro": 0.5889805311751013, "hamming_loss": 0.03235082674335011, "hamming_score": 0.6230529595015576, "exact_match_ratio": 0.514018691588785}