{"Micro-F1": 0.9017857142857143, "Macro-F1": 0.868072039072039, "Precision": 0.8759523809523809, "Recall": 0.8683333333333335, "sk_micro": 0.9068825910931174, "sk_macro": 0.8714739506127464}