{"Micro-F1": 0.7912568306010929, "Macro-F1": 0.7643338733071717, "Precision": 0.75381062292827, "Recall": 0.7978057030688609, "sk_micro": 0.7912568306010929, "sk_macro": 0.7643338733071715, "hamming_loss": 0.018332135154565058, "hamming_score": 0.7642782969885774, "exact_match_ratio": 0.6292834890965732}