{"Micro-F1": 0.5566343042071198, "Macro-F1": 0.5017433112680947, "Precision": 0.5045526712709375, "Recall": 0.6261615577405052, "sk_micro": 0.5566343042071198, "sk_macro": 0.5017433112680947, "hamming_loss": 0.0492451473759885, "hamming_score": 0.4889408099688474, "exact_match_ratio": 0.2616822429906542}