{"Micro-F1": 0.6083014048531289, "Macro-F1": 0.5508427194531412, "Precision": 0.5200035471774602, "Recall": 0.6578537690379795, "sk_micro": 0.6083014048531289, "sk_macro": 0.5508427194531413, "hamming_loss": 0.04073807812125569, "hamming_score": 0.549896157840083, "exact_match_ratio": 0.3302180685358255}