{"Micro-F1": 0.5642633228840125, "Macro-F1": 0.5688819727281266, "Precision": 0.5532509157509158, "Recall": 0.672387700019279, "sk_micro": 0.5642633228840125, "sk_macro": 0.5688819727281266, "hamming_loss": 0.04996405463695183, "hamming_score": 0.48295505117935034, "exact_match_ratio": 0.205607476635514}