{"Micro-F1": 0.6859205776173285, "Macro-F1": 0.661624778063569, "Precision": 0.6392551892551892, "Recall": 0.7166528646791804, "sk_micro": 0.7692307692307693, "sk_macro": 0.6834612254631972, "hamming_loss": 0.020488856937455068, "hamming_score": 0.7531152647975079, "exact_match_ratio": 0.6448598130841121}