{"Micro-F1": 0.7413127413127413, "Macro-F1": 0.7414503359401916, "Precision": 0.7205765894025004, "Recall": 0.7955283751336384, "sk_micro": 0.7868852459016393, "sk_macro": 0.7625107068604494, "hamming_loss": 0.018691588785046728, "hamming_score": 0.7601246105919004, "exact_match_ratio": 0.6261682242990654}