{"Micro-F1": 0.6356440903054449, "Macro-F1": 0.5835732007677709, "Precision": 0.6034657880246115, "Recall": 0.6006132025868868, "sk_micro": 0.6356440903054449, "sk_macro": 0.5835732007677709, "hamming_loss": 0.032830098250658996, "hamming_score": 0.6199376947040499, "exact_match_ratio": 0.5109034267912772}