{"Micro-F1": 0.5590450510345182, "Macro-F1": 0.5103815626948882, "Precision": 0.5224718848344342, "Recall": 0.6280508964719491, "sk_micro": 0.5590450510345182, "sk_macro": 0.5103815626948881, "hamming_loss": 0.04876587586867961, "hamming_score": 0.4917964693665629, "exact_match_ratio": 0.26791277258566976}