{"Micro-F1": 0.7626459143968871, "Macro-F1": 0.7519966961143433, "Precision": 0.7359203296703296, "Recall": 0.8023603589393062, "sk_micro": 0.8, "sk_macro": 0.7684784824341861, "hamming_loss": 0.017613227893601726, "hamming_score": 0.7725856697819315, "exact_match_ratio": 0.6355140186915887}