{"Micro-F1": 0.6637931034482759, "Macro-F1": 0.6066617923505969, "Precision": 0.6466190476190476, "Recall": 0.6252517657780815, "sk_micro": 0.6581196581196581, "sk_macro": 0.5833286464909585, "hamming_loss": 0.02875629043853343, "hamming_score": 0.6401869158878505, "exact_match_ratio": 0.5607476635514018}