{"Micro-F1": 0.5660377358490566, "Macro-F1": 0.5689895574510959, "Precision": 0.5532509157509158, "Recall": 0.6723877000192788, "sk_micro": 0.5660377358490566, "sk_macro": 0.5689895574510959, "hamming_loss": 0.04960460100647016, "hamming_score": 0.48264352469959965, "exact_match_ratio": 0.205607476635514}