{"Micro-F1": 0.5594405594405595, "Macro-F1": 0.5497753882369266, "Precision": 0.5397071945148868, "Recall": 0.6012879664195453, "sk_micro": 0.6374501992031872, "sk_macro": 0.5755189927135628, "hamming_loss": 0.03271028037383177, "hamming_score": 0.6230529595015576, "exact_match_ratio": 0.514018691588785}