{"Micro-F1": 0.5714285714285714, "Macro-F1": 0.6077832285844412, "Precision": 0.6428244035209782, "Recall": 0.6407664703717335, "sk_micro": 0.6614173228346457, "sk_macro": 0.620138835688669, "hamming_loss": 0.030913012221423435, "hamming_score": 0.6510903426791279, "exact_match_ratio": 0.5327102803738317}