{"Micro-F1": 0.6111111111111112, "Macro-F1": 0.5517264786495555, "Precision": 0.5208763458763458, "Recall": 0.6578537690379795, "sk_micro": 0.6111111111111112, "sk_macro": 0.5517264786495556, "hamming_loss": 0.040258806613946804, "hamming_score": 0.5540498442367601, "exact_match_ratio": 0.3364485981308411}