{"Micro-F1": 0.5612903225806452, "Macro-F1": 0.523624411197975, "Precision": 0.539589709959092, "Recall": 0.6414449585502218, "sk_micro": 0.5612903225806452, "sk_macro": 0.523624411197975, "hamming_loss": 0.04888569374550683, "hamming_score": 0.4943925233644861, "exact_match_ratio": 0.27102803738317754}