{"Micro-F1": 0.7734170591313448, "Macro-F1": 0.6848857268876986, "Precision": 0.67251221001221, "Recall": 0.7166528646791804, "sk_micro": 0.7734170591313448, "sk_macro": 0.6848857268876986, "hamming_loss": 0.02000958543014618, "hamming_score": 0.7546728971962618, "exact_match_ratio": 0.6448598130841121}