{"Micro-F1": 0.5654462648607086, "Macro-F1": 0.5670925079690733, "Precision": 0.5473290598290598, "Recall": 0.6723877000192789, "sk_micro": 0.5654462648607086, "sk_macro": 0.5670925079690733, "hamming_loss": 0.04972441888329739, "hamming_score": 0.48321094793057423, "exact_match_ratio": 0.205607476635514}