{"Micro-F1": 0.5592105263157895, "Macro-F1": 0.5057769656185948, "Precision": 0.5232732732732732, "Recall": 0.6165461731251205, "sk_micro": 0.5592105263157895, "sk_macro": 0.5057769656185946, "hamming_loss": 0.04816678648454349, "hamming_score": 0.49205607476635527, "exact_match_ratio": 0.27102803738317754}