{"Micro-F1": 0.6538588936734018, "Macro-F1": 0.5296473517391085, "Precision": 0.5648180723143179, "Recall": 0.5589702322265354, "sk_micro": 0.6540755467196819, "sk_macro": 0.5296739178089241, "hamming_loss": 0.018016152412507765, "hamming_score": 0.6198765642102769, "exact_match_ratio": 0.44874715261959, "hf1": 0.7908853548540232}