{"Micro-F1": 0.6331521739130435, "Macro-F1": 0.5225155554304098, "Precision": 0.5911285572493106, "Recall": 0.5542300096544874, "sk_micro": 0.6331521739130435, "sk_macro": 0.52251555543041, "hamming_loss": 0.018637399047421826, "hamming_score": 0.6017414627892985, "exact_match_ratio": 0.4191343963553531, "hf1": 0.795243757431629}