{"Micro-F1": 0.6635761589403973, "Macro-F1": 0.5230348526808716, "Precision": 0.56670148080934, "Recall": 0.5576242565614666, "sk_micro": 0.6635761589403973, "sk_macro": 0.5230348526808716, "hamming_loss": 0.017532960585352385, "hamming_score": 0.6308010137167311, "exact_match_ratio": 0.4612756264236902, "hf1": 0.7998097955301948}