{"Micro-F1": 0.6725838264299803, "Macro-F1": 0.5361853558545853, "Precision": 0.5776830551318353, "Recall": 0.5649975246781345, "sk_micro": 0.6725838264299803, "sk_macro": 0.5361853558545852, "hamming_loss": 0.017187823565955683, "hamming_score": 0.641198019899614, "exact_match_ratio": 0.46924829157175396, "hf1": 0.7954383464005702}