{"Micro-F1": 0.6317177711836466, "Macro-F1": 0.5303161439726161, "Precision": 0.5770690031084589, "Recall": 0.5281482403111617, "sk_micro": 0.6342270771267792, "sk_macro": 0.5314952837943591, "hamming_loss": 0.019068820321667703, "hamming_score": 0.5981334250411693, "exact_match_ratio": 0.39635535307517084, "hf1": 0.7720974677496417}