{"Micro-F1": 0.6313266436744446, "Macro-F1": 0.52944847303179, "Precision": 0.5732011307450132, "Recall": 0.5329653232177188, "sk_micro": 0.6326447693258855, "sk_macro": 0.5300696809778919, "hamming_loss": 0.019206875129426385, "hamming_score": 0.5961302228101765, "exact_match_ratio": 0.39483675018982534, "hf1": 0.7723707605505997}