{"Micro-F1": 0.6283099051977771, "Macro-F1": 0.5266385851347004, "Precision": 0.56688265038727, "Recall": 0.5370093213170367, "sk_micro": 0.6295447101211923, "sk_macro": 0.5271504023119296, "hamming_loss": 0.019517498446883413, "hamming_score": 0.5930727365522344, "exact_match_ratio": 0.3906605922551253, "hf1": 0.7721788502484032}