{"Micro-F1": 0.6339522546419099, "Macro-F1": 0.5313906899880536, "Precision": 0.5756517387393106, "Recall": 0.533738408024958, "sk_micro": 0.6341625207296849, "sk_macro": 0.5315633568273869, "hamming_loss": 0.019034306619728034, "hamming_score": 0.5971845068371258, "exact_match_ratio": 0.39749430523917995, "hf1": 0.7728359636537542}