{"Micro-F1": 0.8778060515734897, "Macro-F1": 0.8329718717855541, "Precision": 0.8380603403938008, "Recall": 0.8633886151143463, "sk_micro": 0.8778060515734897, "sk_macro": 0.8329718717855542}