{"Micro-F1": 0.6484282235012269, "Macro-F1": 0.536264106281989, "Precision": 0.5692683706434202, "Recall": 0.5614489557493982, "sk_micro": 0.6484282235012269, "sk_macro": 0.5362641062819888, "hamming_loss": 0.019517498446883413, "hamming_score": 0.6083083519871668, "exact_match_ratio": 0.40850417615793466, "hf1": 0.7732253591593258}