{"Micro-F1": 0.6487171365220146, "Macro-F1": 0.5320042847787474, "Precision": 0.5704837913144727, "Recall": 0.5562940203773369, "sk_micro": 0.6487171365220146, "sk_macro": 0.5320042847787474, "hamming_loss": 0.019137847725547042, "hamming_score": 0.6090096786281289, "exact_match_ratio": 0.4123006833712984, "hf1": 0.761529548088065}