{"Micro-F1": 0.64907819453274, "Macro-F1": 0.5374035481054313, "Precision": 0.5794147557361706, "Recall": 0.5652387215633544, "sk_micro": 0.64907819453274, "sk_macro": 0.5374035481054313, "hamming_loss": 0.019051563470697867, "hamming_score": 0.6074168712836132, "exact_match_ratio": 0.41116173120728927, "hf1": 0.765838941749826}