{"Micro-F1": 0.6530081300813008, "Macro-F1": 0.5431284536139598, "Precision": 0.5973159128013895, "Recall": 0.5496221478862211, "sk_micro": 0.6530081300813008, "sk_macro": 0.5431284536139597, "hamming_loss": 0.018413059984813972, "hamming_score": 0.612245214921752, "exact_match_ratio": 0.42369020501138954, "hf1": 0.7704879757179548}