{"Micro-F1": 0.6540839570452327, "Macro-F1": 0.5488587684639601, "Precision": 0.6034556806722099, "Recall": 0.557170080522672, "sk_micro": 0.6540839570452327, "sk_macro": 0.5488587684639601, "hamming_loss": 0.01834403258093463, "hamming_score": 0.6123211450660192, "exact_match_ratio": 0.42369020501138954, "hf1": 0.7719298245614035}