{"Micro-F1": 0.7026184538653366, "Macro-F1": 0.5525388438993966, "Precision": 0.5796021863888121, "Recall": 0.5631902119311725, "sk_micro": 0.7026184538653366, "sk_macro": 0.5525388438993963, "hamming_loss": 0.016463035825222613, "hamming_score": 0.6613720182626787, "exact_match_ratio": 0.47494305239179957, "hf1": 0.7818644459865833}