{"Micro-F1": 0.6514155195570829, "Macro-F1": 0.5442765763872853, "Precision": 0.6019123134498271, "Recall": 0.5502267606689596, "sk_micro": 0.6514155195570829, "sk_macro": 0.5442765763872853, "hamming_loss": 0.018493591956006535, "hamming_score": 0.609590371663264, "exact_match_ratio": 0.42027334851936216, "hf1": 0.7689589185010796}