{"Micro-F1": 0.7009666354848768, "Macro-F1": 0.5551682668047956, "Precision": 0.5847644668350203, "Recall": 0.5627683528017605, "sk_micro": 0.7009666354848768, "sk_macro": 0.5551682668047957, "hamming_loss": 0.01654932008007179, "hamming_score": 0.6608738704980162, "exact_match_ratio": 0.47494305239179957, "hf1": 0.7791666666666667}