{"Micro-F1": 0.6471544715447154, "Macro-F1": 0.540842507083936, "Precision": 0.604965346875882, "Recall": 0.5438880535979856, "sk_micro": 0.6471544715447154, "sk_macro": 0.540842507083936, "hamming_loss": 0.018723683302271, "hamming_score": 0.6042047550020209, "exact_match_ratio": 0.4134396355353075, "hf1": 0.7644589552238806}