{"Micro-F1": 0.6513095613758283, "Macro-F1": 0.5395850334894724, "Precision": 0.583009552670406, "Recall": 0.5616714302207616, "sk_micro": 0.6513095613758283, "sk_macro": 0.5395850334894725, "hamming_loss": 0.019068820321667703, "hamming_score": 0.6069785472689795, "exact_match_ratio": 0.40660592255125283, "hf1": 0.7631578947368421}