{"Micro-F1": 0.6488668115492083, "Macro-F1": 0.53665637276973, "Precision": 0.5691547310765274, "Recall": 0.561110949507973, "sk_micro": 0.6488668115492083, "sk_macro": 0.5366563727697298, "hamming_loss": 0.019517498446883413, "hamming_score": 0.6072067074914447, "exact_match_ratio": 0.4054669703872437, "hf1": 0.7756601607347878}