{"Micro-F1": 0.7001246882793017, "Macro-F1": 0.5498805510320283, "Precision": 0.5706372824466277, "Recall": 0.5658345478654393, "sk_micro": 0.7001246882793017, "sk_macro": 0.5498805510320282, "hamming_loss": 0.016601090632981295, "hamming_score": 0.6597050886344734, "exact_match_ratio": 0.47038724373576307, "hf1": 0.7789863457532977}