{"Micro-F1": 0.6475179519200749, "Macro-F1": 0.535804649652158, "Precision": 0.5693461662024795, "Recall": 0.561765243775734, "sk_micro": 0.6475179519200749, "sk_macro": 0.535804649652158, "hamming_loss": 0.019482984744943744, "hamming_score": 0.6086856196195599, "exact_match_ratio": 0.41002277904328016, "hf1": 0.7703703703703705}