{"Micro-F1": 0.7012365925431717, "Macro-F1": 0.5525292205787401, "Precision": 0.5783346452234867, "Recall": 0.5639310375327907, "sk_micro": 0.7012365925431717, "sk_macro": 0.5525292205787401, "hamming_loss": 0.016537815512758566, "hamming_score": 0.6606503257983894, "exact_match_ratio": 0.47342444950645407, "hf1": 0.7800058194688493}