{"Micro-F1": 0.6488999070343973, "Macro-F1": 0.5363312964240787, "Precision": 0.5693042146512537, "Recall": 0.5614706739644877, "sk_micro": 0.6488999070343973, "sk_macro": 0.5363312964240787, "hamming_loss": 0.019552012148823083, "hamming_score": 0.6090327288504959, "exact_match_ratio": 0.41002277904328016, "hf1": 0.773645546372819}