{"Micro-F1": 0.6497016308101943, "Macro-F1": 0.5363309554578838, "Precision": 0.5776360332403497, "Recall": 0.561068057387151, "sk_micro": 0.6497016308101943, "sk_macro": 0.5363309554578838, "hamming_loss": 0.019086077172637536, "hamming_score": 0.6078016990602405, "exact_match_ratio": 0.41002277904328016, "hf1": 0.7635087948582444}