{"Micro-F1": 0.6019347903977069, "Macro-F1": 0.5363336922296292, "Precision": 0.6488201066775029, "Recall": 0.5201689162110228, "sk_micro": 0.6019347903977069, "sk_macro": 0.5363336922296293, "hamming_loss": 0.01917236142748671, "hamming_score": 0.5745110148014468, "exact_match_ratio": 0.39635535307517084, "hf1": 0.8027898027898028}