{"Micro-F1": 0.6426091851318713, "Macro-F1": 0.5532305502864631, "Precision": 0.613920882756474, "Recall": 0.5579587205264103, "sk_micro": 0.6426091851318713, "sk_macro": 0.5532305502864631, "hamming_loss": 0.018259665753970995, "hamming_score": 0.6109821503898947, "exact_match_ratio": 0.44064793723108076, "hf1": 0.7960128122395811}