{"Micro-F1": 0.786805131337813, "Macro-F1": 0.7269560815050697, "Precision": 0.7357777319819176, "Recall": 0.7646099198648731, "sk_micro": 0.786805131337813, "sk_macro": 0.7269560815050695}