{"Micro-F1": 0.7709640160837216, "Macro-F1": 0.7060129209852906, "Precision": 0.7353781760456242, "Recall": 0.7458653557746725, "sk_micro": 0.7709640160837216, "sk_macro": 0.7060129209852907}