{"Micro-F1": 0.7747084100675261, "Macro-F1": 0.7088621406730644, "Precision": 0.7331684585411302, "Recall": 0.7501645952564542, "sk_micro": 0.7747084100675261, "sk_macro": 0.7088621406730645}