{"Micro-F1": 0.7703703703703704, "Macro-F1": 0.707612926753623, "Precision": 0.7368035205146006, "Recall": 0.742366648545655, "sk_micro": 0.7703703703703704, "sk_macro": 0.7076129267536231}