{"Micro-F1": 0.7678132678132679, "Macro-F1": 0.7015636955291845, "Precision": 0.7361625490811419, "Recall": 0.7450648235219082, "sk_micro": 0.7678132678132679, "sk_macro": 0.7015636955291845}