{"Micro-F1": 0.6025529886000117, "Macro-F1": 0.5316480687629576, "Precision": 0.5954724711123892, "Recall": 0.5470874997635741, "sk_micro": 0.6028690130332174, "sk_macro": 0.5317279936170217, "hamming_loss": 0.020142579937568548, "hamming_score": 0.5725701953492379, "exact_match_ratio": 0.41331308529486205, "hf1": 0.7806489157516524}