{"Micro-F1": 0.7752276459173011, "Macro-F1": 0.7192210685775965, "Precision": 0.7498692544561232, "Recall": 0.7471326180934686, "sk_micro": 0.7752276459173011, "sk_macro": 0.7192210685775966}