{"Micro-F1": 0.7727272727272727, "Macro-F1": 0.7193968720223377, "Precision": 0.7484256207391218, "Recall": 0.7442394112984033, "sk_micro": 0.7727272727272727, "sk_macro": 0.719396872022338}