{"Micro-F1": 0.7783251231527094, "Macro-F1": 0.7229217369667622, "Precision": 0.7506681663904508, "Recall": 0.7554529800523039, "sk_micro": 0.7783251231527094, "sk_macro": 0.7229217369667622}