{"Micro-F1": 0.7746305418719212, "Macro-F1": 0.7153445967436896, "Precision": 0.7505139762387968, "Recall": 0.7417054629296991, "sk_micro": 0.7746305418719212, "sk_macro": 0.7153445967436896}