{"Micro-F1": 0.6331826772641024, "Macro-F1": 0.5238566963745331, "Precision": 0.5407572077648976, "Recall": 0.564492850701124, "sk_micro": 0.6333742967720021, "sk_macro": 0.5239283650198719, "hamming_loss": 0.020863532822530544, "hamming_score": 0.5927922653150438, "exact_match_ratio": 0.3716780561883068, "hf1": 0.756300174754421}