{"Micro-F1": 0.6304281809899788, "Macro-F1": 0.5188719771197707, "Precision": 0.5358770838002058, "Recall": 0.5515534150205204, "sk_micro": 0.6310030395136779, "sk_macro": 0.5190869830557873, "hamming_loss": 0.02094981707737972, "hamming_score": 0.5886292143695327, "exact_match_ratio": 0.36560364464692485, "hf1": 0.7571560480147738}