{"Micro-F1": 0.6337473492880945, "Macro-F1": 0.5312760291080407, "Precision": 0.5484802625585932, "Recall": 0.5841325810676691, "sk_micro": 0.6337473492880945, "sk_macro": 0.5312760291080408, "hamming_loss": 0.020863532822530544, "hamming_score": 0.5955063160074543, "exact_match_ratio": 0.37699316628701596, "hf1": 0.7551867219917013}