{"Micro-F1": 0.6353725015142337, "Macro-F1": 0.5214220828957878, "Precision": 0.5379142769358934, "Recall": 0.5577925560151825, "sk_micro": 0.6353725015142337, "sk_macro": 0.5214220828957878, "hamming_loss": 0.02077724856768137, "hamming_score": 0.594241265568144, "exact_match_ratio": 0.3724373576309795, "hf1": 0.7565577542567878}