{"Micro-F1": 0.6396749564038454, "Macro-F1": 0.5685763546106869, "Precision": 0.6008796805358302, "Recall": 0.6091473506637963, "sk_micro": 0.6397201342069998, "sk_macro": 0.568627381429582, "hamming_loss": 0.01921454484096853, "hamming_score": 0.6108039598833063, "exact_match_ratio": 0.4309035687167806, "hf1": 0.7841987840244468}