{"Micro-F1": 0.6397260273972603, "Macro-F1": 0.5692100753154724, "Precision": 0.6241601617380761, "Recall": 0.5765163769436389, "sk_micro": 0.6397260273972603, "sk_macro": 0.5692100753154725, "hamming_loss": 0.018154207220266446, "hamming_score": 0.6068292755080908, "exact_match_ratio": 0.43507972665148065, "hf1": 0.8033175355450237}