{"Micro-F1": 0.6448348029186312, "Macro-F1": 0.5728030526338834, "Precision": 0.6285097973501771, "Recall": 0.5811918685765592, "sk_micro": 0.6448348029186312, "sk_macro": 0.5728030526338835, "hamming_loss": 0.017975886426911485, "hamming_score": 0.6105759022046034, "exact_match_ratio": 0.43887623386484437, "hf1": 0.8035321721500438}