{"Micro-F1": 0.6475995914198162, "Macro-F1": 0.5832976782734014, "Precision": 0.6463498265333497, "Recall": 0.5906543740539982, "sk_micro": 0.6475995914198162, "sk_macro": 0.5832976782734014, "hamming_loss": 0.01786084075377925, "hamming_score": 0.613361486653058, "exact_match_ratio": 0.4430523917995444, "hf1": 0.8055752421450507}