{"Micro-F1": 0.6426140231449966, "Macro-F1": 0.5708236697642485, "Precision": 0.6242225099705186, "Recall": 0.5816612068382166, "sk_micro": 0.6426140231449966, "sk_macro": 0.5708236697642485, "hamming_loss": 0.018119693518326777, "hamming_score": 0.607646908899756, "exact_match_ratio": 0.4316628701594533, "hf1": 0.7994310099573259}