{"Micro-F1": 0.6471787899388172, "Macro-F1": 0.5659014043127766, "Precision": 0.6150194037791055, "Recall": 0.576404854732041, "sk_micro": 0.6471787899388172, "sk_macro": 0.5659014043127767, "hamming_loss": 0.017912611306688756, "hamming_score": 0.6115369444526616, "exact_match_ratio": 0.438496583143508, "hf1": 0.8017037387600568}