{"Micro-F1": 0.8704496772756717, "Macro-F1": 0.830255946535554, "Precision": 0.8485124846215654, "Recall": 0.8537567143262398, "sk_micro": 0.8704496772756717, "sk_macro": 0.8302559465355541}