{"Micro-F1": 0.8707317073170732, "Macro-F1": 0.831632783140661, "Precision": 0.8483799679876735, "Recall": 0.8632913831189817, "sk_micro": 0.8707317073170732, "sk_macro": 0.831632783140661}