{"Micro-F1": 0.8717948717948718, "Macro-F1": 0.8370143154320189, "Precision": 0.8548500692385833, "Recall": 0.8561428451072858, "sk_micro": 0.8717948717948718, "sk_macro": 0.8370143154320192}