{"Micro-F1": 0.8688224527150702, "Macro-F1": 0.8221207410339819, "Precision": 0.8423074166384391, "Recall": 0.8418359147524521, "sk_micro": 0.8688224527150702, "sk_macro": 0.8221207410339819}