{"Micro-F1": 0.7794712734794818, "Macro-F1": 0.714327058822407, "Precision": 0.7452569445639164, "Recall": 0.7497671320223027, "sk_micro": 0.7652373247033442, "sk_macro": 0.7003206459043206}