{"Micro-F1": 0.8596059113300493, "Macro-F1": 0.8491507413275947, "Precision": 0.8632439001111412, "Recall": 0.8682884643714304, "sk_micro": 0.8596059113300493, "sk_macro": 0.8491507413275948}