{"Micro-F1": 0.852195423623995, "Macro-F1": 0.8476106833738046, "Precision": 0.8652065587936332, "Recall": 0.861762509326172, "sk_micro": 0.852195423623995, "sk_macro": 0.8476106833738045}