{"Micro-F1": 0.8553140832211875, "Macro-F1": 0.8482217816425969, "Precision": 0.8642683625334945, "Recall": 0.8643112884378716, "sk_micro": 0.8553140832211875, "sk_macro": 0.8482217816425969}