{"Micro-F1": 0.8541409147095179, "Macro-F1": 0.8479039202263909, "Precision": 0.8643546286957091, "Recall": 0.8628828916160124, "sk_micro": 0.8541409147095179, "sk_macro": 0.8479039202263913}