{"Micro-F1": 0.8849557522123894, "Macro-F1": 0.8306964078831087, "Precision": 0.8812857142857143, "Recall": 0.8264848484848486, "sk_micro": 0.8739495798319328, "sk_macro": 0.8243875716824763, "hamming_loss": 0.010783608914450037, "hamming_score": 0.8598130841121495, "exact_match_ratio": 0.7757009345794392}