{"Micro-F1": 0.8221343873517787, "Macro-F1": 0.8276927448794459, "Precision": 0.8655634920634921, "Recall": 0.8781515151515151, "sk_micro": 0.8188976377952756, "sk_macro": 0.7958584085379286}