{"Micro-F1": 0.8278688524590164, "Macro-F1": 0.7956778969822448, "Precision": 0.8057619047619048, "Recall": 0.8413333333333334, "sk_micro": 0.8199233716475096, "sk_macro": 0.7922242222114346, "hamming_loss": 0.01689432063263839, "hamming_score": 0.8029595015576323, "exact_match_ratio": 0.6448598130841121}