{"Micro-F1": 0.8943089430894309, "Macro-F1": 0.8717876140953064, "Precision": 0.8935439560439562, "Recall": 0.884032634032634, "sk_micro": 0.8943089430894309, "sk_macro": 0.8717876140953064, "hamming_loss": 0.009345794392523364, "hamming_score": 0.8816199376947041, "exact_match_ratio": 0.8317757009345794, "hf1": 0.8906882591093118}