{"Micro-F1": 0.8127490039840638, "Macro-F1": 0.7800217479855489, "Precision": 0.7776314371902606, "Recall": 0.8184149184149185, "sk_micro": 0.8127490039840638, "sk_macro": 0.7800217479855489, "hamming_loss": 0.01689432063263839, "hamming_score": 0.794392523364486, "exact_match_ratio": 0.6635514018691588, "hf1": 0.8095238095238094}