{"Micro-F1": 0.868421052631579, "Macro-F1": 0.8114769606636615, "Precision": 0.8553333333333336, "Recall": 0.8184848484848486, "sk_micro": 0.8547008547008547, "sk_macro": 0.7930868211509565, "hamming_loss": 0.012221423436376708, "hamming_score": 0.8520249221183801, "exact_match_ratio": 0.7757009345794392}