{"Micro-F1": 0.8307692307692308, "Macro-F1": 0.8195760014078636, "Precision": 0.812976535541753, "Recall": 0.8984848484848484, "sk_micro": 0.837037037037037, "sk_macro": 0.8265153859690996, "hamming_loss": 0.015815959741193385, "hamming_score": 0.8356697819314641, "exact_match_ratio": 0.7102803738317757}