{"Micro-F1": 0.8502024291497976, "Macro-F1": 0.8509126360993369, "Precision": 0.8817619047619049, "Recall": 0.8571515151515152, "sk_micro": 0.8503937007874016, "sk_macro": 0.8511522599856262, "hamming_loss": 0.013659237958303379, "hamming_score": 0.8348909657320872, "exact_match_ratio": 0.7289719626168224}