{"Micro-F1": 0.8674698795180723, "Macro-F1": 0.8513415691734313, "Precision": 0.8551987577639752, "Recall": 0.8784848484848484, "sk_micro": 0.8582375478927203, "sk_macro": 0.8442386883077865, "hamming_loss": 0.013299784327821711, "hamming_score": 0.8411214953271027, "exact_match_ratio": 0.7009345794392523}