{"Micro-F1": 0.8275862068965517, "Macro-F1": 0.83166202291324, "Precision": 0.8117135955831608, "Recall": 0.9134848484848485, "sk_micro": 0.8339483394833949, "sk_macro": 0.8381365604934999, "hamming_loss": 0.016175413371675055, "hamming_score": 0.8317757009345795, "exact_match_ratio": 0.7102803738317757}