{"Micro-F1": 0.835820895522388, "Macro-F1": 0.8589308401175408, "Precision": 0.8522669552669554, "Recall": 0.9334848484848486, "sk_micro": 0.8327137546468402, "sk_macro": 0.8258950385745586, "hamming_loss": 0.016175413371675055, "hamming_score": 0.8317757009345795, "exact_match_ratio": 0.7102803738317757}