{"Micro-F1": 0.8842975206611571, "Macro-F1": 0.8561509533376541, "Precision": 0.847952380952381, "Recall": 0.8801515151515151, "sk_micro": 0.8740157480314961, "sk_macro": 0.8488630961580009, "hamming_loss": 0.011502516175413372, "hamming_score": 0.8676012461059189, "exact_match_ratio": 0.7850467289719626}