{"Micro-F1": 0.6272863568215892, "Macro-F1": 0.5133054432413837, "Precision": 0.5222733021410776, "Recall": 0.552604499068817, "sk_micro": 0.6272863568215892, "sk_macro": 0.5133054432413837, "hamming_loss": 0.021450265755504936, "hamming_score": 0.577868704947292, "exact_match_ratio": 0.35876993166287013, "hf1": 0.7468065693430657}