{"Micro-F1": 0.6165323783945091, "Macro-F1": 0.51267616198138, "Precision": 0.5181113488521891, "Recall": 0.5583632989348996, "sk_micro": 0.6169005673335324, "sk_macro": 0.5127655995610519, "hamming_loss": 0.022140539794298336, "hamming_score": 0.5726358114171318, "exact_match_ratio": 0.35193621867881547, "hf1": 0.7369139736003641}