{"Micro-F1": 0.6187249610017723, "Macro-F1": 0.5105590324378525, "Precision": 0.5215171938328975, "Recall": 0.5536767304946182, "sk_micro": 0.6188476906481134, "sk_macro": 0.5105888449644097, "hamming_loss": 0.021893191597064033, "hamming_score": 0.5735194380410774, "exact_match_ratio": 0.3572513287775247, "hf1": 0.7419568132677963}