{"Micro-F1": 0.6123561477892187, "Macro-F1": 0.5056954920907938, "Precision": 0.5241669305054258, "Recall": 0.550062393480138, "sk_micro": 0.6123561477892187, "sk_macro": 0.5056954920907937, "hamming_loss": 0.02208876924138883, "hamming_score": 0.5700537977588083, "exact_match_ratio": 0.36104783599088835, "hf1": 0.7421498968599587}