{"Micro-F1": 0.7683823529411765, "Macro-F1": 0.7085032973350965, "Precision": 0.7415728945194726, "Recall": 0.7488583477496992, "sk_micro": 0.7683823529411765, "sk_macro": 0.7085032973350966}