{"Micro-F1": 0.7735336284754987, "Macro-F1": 0.7141914434787969, "Precision": 0.7476188613053617, "Recall": 0.7549515137514328, "sk_micro": 0.7735336284754987, "sk_macro": 0.7141914434787971}