{"Micro-F1": 0.7767584097859327, "Macro-F1": 0.7220497409883602, "Precision": 0.7536490839670493, "Recall": 0.7676684412528467, "sk_micro": 0.7767584097859327, "sk_macro": 0.7220497409883602}