{"Micro-F1": 0.7754601226993865, "Macro-F1": 0.7120212921129344, "Precision": 0.7476346054295634, "Recall": 0.7483277522517526, "sk_micro": 0.7754601226993865, "sk_macro": 0.7120212921129345}