{"Micro-F1": 0.8771289537712895, "Macro-F1": 0.834401311669827, "Precision": 0.8311804610559461, "Recall": 0.868658731808618, "sk_micro": 0.8771289537712895, "sk_macro": 0.834401311669827}