{"Micro-F1": 0.878345498783455, "Macro-F1": 0.8357349691567912, "Precision": 0.8324361905060889, "Recall": 0.8699005618739775, "sk_micro": 0.878345498783455, "sk_macro": 0.8357349691567916}