{"Micro-F1": 0.8790273556231003, "Macro-F1": 0.836126777661422, "Precision": 0.8311078016891692, "Recall": 0.8709463135079645, "sk_micro": 0.8790273556231003, "sk_macro": 0.836126777661422}