{"Micro-F1": 0.8580134064594759, "Macro-F1": 0.8094948284067722, "Precision": 0.8177386579107168, "Recall": 0.8435566767386541, "sk_micro": 0.8580134064594759, "sk_macro": 0.8094948284067723}