{"Micro-F1": 0.8607902735562311, "Macro-F1": 0.8192130102022867, "Precision": 0.8208832222587534, "Recall": 0.8541432829481731, "sk_micro": 0.8607902735562311, "sk_macro": 0.819213010202287}