{"Micro-F1": 0.856272838002436, "Macro-F1": 0.800419892353506, "Precision": 0.8191397847980717, "Recall": 0.8325618216833155, "sk_micro": 0.856272838002436, "sk_macro": 0.8004198923535063}