{"Micro-F1": 0.8781672693926149, "Macro-F1": 0.8354210194960134, "Precision": 0.8315748177504014, "Recall": 0.8698352023968533, "sk_micro": 0.8781672693926149, "sk_macro": 0.8354210194960136}