{"Micro-F1": 0.8696711327649208, "Macro-F1": 0.8613899414723595, "Precision": 0.8823466931619106, "Recall": 0.8778145889645306, "sk_micro": 0.8696711327649208, "sk_macro": 0.8613899414723599}