{"Micro-F1": 0.8722627737226277, "Macro-F1": 0.8550348029950833, "Precision": 0.8697358633169712, "Recall": 0.8808520141364496, "sk_micro": 0.8722627737226277, "sk_macro": 0.8550348029950835}