{"Micro-F1": 0.8695121951219512, "Macro-F1": 0.8527327671835476, "Precision": 0.8727377014940455, "Recall": 0.8733480334180578, "sk_micro": 0.8652912621359223, "sk_macro": 0.8360125168466156}