{"Micro-F1": 0.8906439854191981, "Macro-F1": 0.8580589608028536, "Precision": 0.8600123071806656, "Recall": 0.8859215792628191, "sk_micro": 0.8906439854191981, "sk_macro": 0.858058960802854}